id,destination,weight,priority,senderName,receiverName,status,deliveryDate
PKG0001,Peshawar,5.97,3,Bilal Ahmed,Ali Raza,Pending,26/08/2026
PKG0002,Multan,1.28,1,Maryam Javed,Ahmed Hameed,In Transit,30/06/2026
PKG0003,Peshawar,18.04,3,Usman Hameed,Ali Javed,Out for Delivery,29/06/2026
PKG0004,Karachi,17.6,2,Zain Hameed,Hassan Khan,Delivered,20/06/2026
PKG0005,Multan,2.87,2,Fatima Iqbal,Ahmed Ahmed,Delivered,12/09/2026
PKG0006,Multan,2.43,2,Ali Qureshi,Usman Ahmed,Delivered,13/08/2026
PKG0007,Quetta,24.64,1,Fatima Ahmed,Ali Butt,Pending,19/07/2026
PKG0008,Karachi,9.57,1,Hassan Qureshi,Bilal Iqbal,Delivered,29/08/2026
PKG0009,Sialkot,18.36,1,Saad Ahmed,Noor Malik,Out for Delivery,19/07/2026
PKG0010,Islamabad,6.11,1,Hassan Javed,Fatima Iqbal,Delivered,22/07/2026
PKG0011,Faisalabad,5.71,2,Hassan Ahmed,Fatima Hameed,Out for Delivery,22/09/2026
PKG0012,Karachi,6.54,3,Saad Qureshi,Ayesha Raza,Delivered,04/09/2026
PKG0013,Multan,9.37,1,Noor Sheikh,Saad Hameed,Out for Delivery,12/06/2026
PKG0014,Karachi,15.87,3,Hamza Khan,Amna Ahmed,Out for Delivery,16/08/2026
PKG0015,Rawalpindi,13.46,3,Ahmed Sheikh,Sara Hameed,Pending,27/08/2026
PKG0016,Quetta,19.33,2,Maryam Ahmed,Bilal Javed,Pending,08/07/2026
PKG0017,Quetta,24.31,1,Sara Malik,Zain Khan,Pending,20/09/2026
PKG0018,Hyderabad,5.37,2,Bilal Raza,Amna Javed,In Transit,09/08/2026
PKG0019,Hyderabad,8.44,1,Hamza Javed,Saad Khan,Pending,27/09/2026
PKG0020,Peshawar,22.01,1,Hussain Raza,Fatima Khan,Pending,02/09/2026
PKG0021,Karachi,3.65,2,Zain Ahmed,Hamza Javed,In Transit,04/07/2026
PKG0022,Sialkot,19.0,3,Usman Hameed,Sara Butt,In Transit,31/08/2026
PKG0023,Rawalpindi,22.54,2,Hassan Sheikh,Bilal Iqbal,Pending,02/07/2026
PKG0024,Hyderabad,14.07,3,Fatima Ahmed,Hussain Khan,In Transit,01/06/2026
PKG0025,Islamabad,21.56,1,Ahmed Khan,Fatima Ahmed,In Transit,06/07/2026
PKG0026,Karachi,18.22,3,Bilal Qureshi,Fatima Javed,Out for Delivery,02/07/2026
PKG0027,Peshawar,2.81,3,Hamza Qureshi,Hamza Sheikh,Out for Delivery,16/07/2026
PKG0028,Lahore,1.99,3,Sara Sheikh,Zain Khan,Delivered,11/09/2026
PKG0029,Peshawar,13.64,1,Amna Ahmed,Fatima Butt,Out for Delivery,24/06/2026
PKG0030,Rawalpindi,20.3,3,Hassan Qureshi,Fatima Ahmed,Pending,07/06/2026
PKG0031,Lahore,23.2,1,Bilal Javed,Amna Khan,In Transit,23/07/2026
PKG0032,Islamabad,4.53,1,Zain Qureshi,Fatima Sheikh,Out for Delivery,04/07/2026
PKG0033,Sialkot,16.72,2,Saad Qureshi,Hassan Sheikh,In Transit,25/06/2026
PKG0034,Sialkot,1.99,2,Hassan Butt,Ali Hameed,Pending,07/06/2026
PKG0035,Karachi,1.89,3,Noor Qureshi,Usman Javed,Pending,17/09/2026
PKG0036,Peshawar,10.39,3,Ayesha Ahmed,Noor Ahmed,In Transit,14/08/2026
PKG0037,Multan,16.61,3,Noor Khan,Noor Ahmed,Delivered,28/09/2026
PKG0038,Peshawar,7.01,1,Hassan Butt,Bilal Iqbal,Delivered,29/07/2026
PKG0039,Hyderabad,24.96,1,Hussain Ahmed,Ali Qureshi,Pending,08/08/2026
PKG0040,Faisalabad,22.08,1,Fatima Javed,Hassan Malik,Delivered,07/07/2026
PKG0041,Quetta,15.49,3,Ayesha Qureshi,Amna Javed,Pending,25/08/2026
PKG0042,Karachi,6.98,1,Amna Javed,Hassan Ahmed,In Transit,05/07/2026
PKG0043,Peshawar,17.34,2,Hassan Hameed,Fatima Iqbal,Out for Delivery,03/07/2026
PKG0044,Quetta,1.58,2,Saad Khan,Ahmed Sheikh,In Transit,21/08/2026
PKG0045,Sialkot,17.79,3,Hassan Malik,Maryam Qureshi,Pending,15/06/2026
PKG0046,Faisalabad,14.77,1,Ahmed Malik,Usman Khan,Out for Delivery,17/06/2026
PKG0047,Faisalabad,5.65,1,Ali Raza,Hussain Khan,Pending,16/07/2026
PKG0048,Hyderabad,18.86,1,Hamza Javed,Saad Sheikh,In Transit,11/09/2026
PKG0049,Islamabad,4.89,2,Hamza Malik,Saad Sheikh,Out for Delivery,11/09/2026
PKG0050,Lahore,9.87,1,Bilal Butt,Hassan Malik,Out for Delivery,29/06/2026
PKG0051,Peshawar,5.96,3,Fatima Qureshi,Hussain Raza,In Transit,22/07/2026
PKG0052,Quetta,9.1,3,Hussain Raza,Amna Ahmed,Out for Delivery,26/08/2026
PKG0053,Lahore,21.99,2,Amna Javed,Hussain Khan,In Transit,14/08/2026
PKG0054,Multan,8.97,2,Hassan Khan,Ahmed Hameed,Out for Delivery,17/08/2026
PKG0055,Peshawar,6.74,3,Usman Ahmed,Sara Hameed,Out for Delivery,01/06/2026
PKG0056,Faisalabad,11.07,3,Usman Javed,Bilal Butt,Delivered,19/08/2026
PKG0057,Sialkot,8.08,2,Hussain Ahmed,Maryam Raza,Delivered,22/07/2026
PKG0058,Peshawar,10.8,2,Maryam Raza,Usman Malik,In Transit,18/08/2026
PKG0059,Islamabad,7.94,1,Noor Raza,Sara Javed,Out for Delivery,09/09/2026
PKG0060,Rawalpindi,11.32,3,Noor Hameed,Bilal Iqbal,In Transit,05/08/2026
PKG0061,Quetta,13.13,3,Zain Malik,Bilal Ahmed,Delivered,12/06/2026
PKG0062,Peshawar,20.26,1,Amna Butt,Bilal Raza,Pending,06/06/2026
PKG0063,Rawalpindi,10.65,3,Fatima Qureshi,Noor Ahmed,In Transit,31/08/2026
PKG0064,Peshawar,4.12,3,Maryam Sheikh,Zain Sheikh,Pending,23/09/2026
PKG0065,Peshawar,4.81,3,Hamza Ahmed,Hamza Sheikh,Out for Delivery,07/06/2026
PKG0066,Rawalpindi,3.77,2,Usman Butt,Saad Ahmed,Delivered,05/09/2026
PKG0067,Multan,20.85,3,Saad Qureshi,Noor Javed,Out for Delivery,23/09/2026
PKG0068,Peshawar,21.08,2,Ayesha Qureshi,Zain Raza,Out for Delivery,20/08/2026
PKG0069,Quetta,6.25,2,Fatima Raza,Zain Ahmed,Delivered,23/09/2026
PKG0070,Peshawar,9.88,1,Usman Ahmed,Ayesha Malik,In Transit,09/06/2026
PKG0071,Rawalpindi,10.69,1,Sara Sheikh,Hussain Javed,Out for Delivery,20/07/2026
PKG0072,Hyderabad,9.82,1,Saad Hameed,Maryam Khan,Delivered,09/07/2026
PKG0073,Sialkot,18.81,3,Hamza Sheikh,Amna Sheikh,In Transit,02/08/2026
PKG0074,Islamabad,10.03,3,Fatima Raza,Sara Qureshi,Out for Delivery,01/09/2026
PKG0075,Hyderabad,13.59,2,Ayesha Qureshi,Saad Malik,Pending,11/06/2026
PKG0076,Karachi,1.73,2,Bilal Sheikh,Ayesha Qureshi,Delivered,28/06/2026
PKG0077,Quetta,18.92,2,Zain Iqbal,Hussain Sheikh,Delivered,15/09/2026
PKG0078,Islamabad,25.0,2,Ahmed Qureshi,Ali Javed,In Transit,23/08/2026
PKG0079,Peshawar,5.38,1,Ahmed Khan,Hamza Khan,In Transit,01/07/2026
PKG0080,Hyderabad,23.72,2,Ayesha Qureshi,Bilal Ahmed,Delivered,07/09/2026
PKG0081,Lahore,19.56,1,Hussain Malik,Noor Hameed,Delivered,14/06/2026
PKG0082,Hyderabad,17.1,2,Noor Khan,Saad Raza,Out for Delivery,29/09/2026
PKG0083,Peshawar,3.0,2,Maryam Butt,Ahmed Hameed,Pending,10/09/2026
PKG0084,Multan,16.71,1,Noor Khan,Hussain Javed,Delivered,02/06/2026
PKG0085,Lahore,11.12,2,Amna Sheikh,Amna Qureshi,Out for Delivery,30/08/2026
PKG0086,Quetta,15.59,3,Ayesha Sheikh,Ayesha Javed,Out for Delivery,30/07/2026
PKG0087,Peshawar,20.85,1,Sara Hameed,Hassan Iqbal,Delivered,21/09/2026
PKG0088,Hyderabad,15.45,2,Zain Butt,Hamza Qureshi,Delivered,04/06/2026
PKG0089,Peshawar,9.19,2,Zain Iqbal,Ayesha Qureshi,Delivered,06/07/2026
PKG0090,Sialkot,0.75,1,Saad Hameed,Maryam Raza,Pending,01/07/2026
PKG0091,Peshawar,17.42,3,Maryam Sheikh,Zain Javed,Out for Delivery,28/07/2026
PKG0092,Peshawar,10.41,1,Hamza Khan,Ahmed Raza,Delivered,24/08/2026
PKG0093,Sialkot,8.92,3,Noor Iqbal,Zain Javed,Delivered,16/07/2026
PKG0094,Quetta,6.15,3,Maryam Qureshi,Hassan Raza,In Transit,11/07/2026
PKG0095,Peshawar,5.8,2,Ahmed Javed,Hamza Malik,Delivered,01/09/2026
PKG0096,Lahore,20.9,2,Noor Javed,Noor Raza,In Transit,17/07/2026
PKG0097,Karachi,7.22,1,Ayesha Raza,Ali Javed,Delivered,29/08/2026
PKG0098,Hyderabad,7.47,2,Ayesha Qureshi,Ahmed Khan,Out for Delivery,14/07/2026
PKG0099,Lahore,20.64,2,Ayesha Khan,Hassan Qureshi,Out for Delivery,10/06/2026
PKG0100,Hyderabad,23.75,1,Noor Khan,Ayesha Malik,In Transit,16/06/2026
PKG0101,Hyderabad,6.03,3,Usman Sheikh,Noor Hameed,Out for Delivery,28/07/2026
PKG0102,Multan,7.98,3,Saad Qureshi,Hassan Hameed,Pending,18/08/2026
PKG0103,Peshawar,6.98,1,Maryam Ahmed,Hamza Butt,In Transit,01/07/2026
PKG0104,Islamabad,10.51,3,Ayesha Javed,Ahmed Malik,Out for Delivery,08/07/2026
PKG0105,Rawalpindi,2.24,1,Ali Butt,Hassan Raza,Delivered,09/09/2026
PKG0106,Multan,3.31,1,Hamza Hameed,Bilal Butt,In Transit,25/09/2026
PKG0107,Karachi,19.92,3,Hassan Malik,Ahmed Khan,Delivered,27/07/2026
PKG0108,Multan,23.6,3,Ahmed Qureshi,Maryam Raza,Out for Delivery,27/07/2026
PKG0109,Faisalabad,15.29,1,Ahmed Hameed,Ali Sheikh,Pending,30/06/2026
PKG0110,Quetta,14.62,1,Bilal Hameed,Noor Khan,Out for Delivery,06/08/2026
PKG0111,Karachi,24.93,2,Bilal Qureshi,Saad Raza,Out for Delivery,12/06/2026
PKG0112,Faisalabad,16.92,1,Zain Iqbal,Sara Iqbal,Delivered,23/07/2026
PKG0113,Sialkot,1.4,1,Maryam Qureshi,Hassan Sheikh,Delivered,03/07/2026
PKG0114,Sialkot,20.71,1,Hussain Ahmed,Hamza Sheikh,Out for Delivery,23/07/2026
PKG0115,Hyderabad,19.03,3,Ali Butt,Usman Iqbal,Out for Delivery,06/09/2026
PKG0116,Karachi,23.23,2,Ali Butt,Hassan Javed,Out for Delivery,16/06/2026
PKG0117,Karachi,8.11,1,Ali Hameed,Hamza Butt,Out for Delivery,12/06/2026
PKG0118,Karachi,12.71,3,Fatima Ahmed,Zain Ahmed,Delivered,05/08/2026
PKG0119,Rawalpindi,6.47,3,Maryam Raza,Sara Qureshi,In Transit,20/07/2026
PKG0120,Lahore,7.27,2,Fatima Hameed,Usman Malik,Delivered,28/09/2026
PKG0121,Quetta,18.29,3,Hamza Javed,Hassan Khan,Out for Delivery,19/09/2026
PKG0122,Faisalabad,8.64,3,Ayesha Qureshi,Usman Qureshi,Out for Delivery,29/07/2026
PKG0123,Peshawar,14.51,1,Saad Iqbal,Amna Butt,Out for Delivery,06/06/2026
PKG0124,Multan,24.72,3,Hussain Qureshi,Maryam Sheikh,In Transit,03/08/2026
PKG0125,Faisalabad,21.81,2,Ali Malik,Usman Hameed,Pending,07/08/2026
PKG0126,Multan,21.84,1,Saad Qureshi,Ali Malik,Pending,31/07/2026
PKG0127,Multan,16.42,2,Hamza Raza,Hussain Hameed,Out for Delivery,11/07/2026
PKG0128,Islamabad,15.63,1,Bilal Qureshi,Amna Javed,Delivered,30/06/2026
PKG0129,Lahore,11.37,3,Maryam Ahmed,Sara Ahmed,Delivered,24/09/2026
PKG0130,Quetta,9.28,2,Ali Khan,Hussain Khan,In Transit,02/07/2026
PKG0131,Karachi,4.79,3,Usman Sheikh,Noor Malik,Out for Delivery,19/08/2026
PKG0132,Karachi,6.19,3,Bilal Butt,Zain Hameed,Delivered,29/07/2026
PKG0133,Quetta,17.1,1,Hassan Khan,Saad Qureshi,Pending,27/07/2026
PKG0134,Quetta,11.69,2,Hussain Hameed,Hassan Sheikh,In Transit,20/07/2026
PKG0135,Multan,14.51,3,Amna Qureshi,Ahmed Butt,Delivered,29/08/2026
PKG0136,Quetta,0.7,3,Hassan Khan,Amna Sheikh,Pending,25/09/2026
PKG0137,Peshawar,15.37,2,Noor Qureshi,Amna Raza,In Transit,21/08/2026
PKG0138,Lahore,22.63,3,Fatima Hameed,Hassan Malik,Pending,10/07/2026
PKG0139,Faisalabad,18.44,1,Hamza Qureshi,Ali Hameed,Delivered,12/07/2026
PKG0140,Karachi,19.77,2,Maryam Sheikh,Ayesha Butt,Delivered,15/09/2026
PKG0141,Quetta,18.79,2,Ayesha Raza,Saad Qureshi,Pending,30/07/2026
PKG0142,Multan,24.2,3,Ahmed Malik,Hamza Butt,Delivered,12/06/2026
PKG0143,Sialkot,3.53,2,Hamza Sheikh,Ali Raza,Delivered,14/08/2026
PKG0144,Rawalpindi,1.11,3,Sara Iqbal,Ahmed Butt,Delivered,26/09/2026
PKG0145,Rawalpindi,22.78,2,Noor Butt,Bilal Ahmed,Out for Delivery,15/06/2026
PKG0146,Rawalpindi,3.34,1,Ayesha Khan,Ali Raza,In Transit,20/07/2026
PKG0147,Multan,14.89,3,Zain Iqbal,Bilal Javed,In Transit,22/09/2026
PKG0148,Hyderabad,10.5,2,Sara Ahmed,Amna Qureshi,Pending,28/08/2026
PKG0149,Peshawar,21.46,1,Hussain Butt,Zain Qureshi,Delivered,09/08/2026
PKG0150,Quetta,5.15,1,Saad Iqbal,Ali Sheikh,Out for Delivery,12/06/2026
PKG0151,Islamabad,1.74,2,Bilal Butt,Bilal Hameed,In Transit,17/06/2026
PKG0152,Sialkot,5.58,1,Hamza Hameed,Fatima Ahmed,In Transit,13/07/2026
PKG0153,Islamabad,7.29,1,Hamza Malik,Hamza Hameed,In Transit,09/08/2026
PKG0154,Karachi,0.86,1,Hassan Malik,Ahmed Khan,Delivered,03/06/2026
PKG0155,Multan,13.39,3,Ayesha Raza,Ali Malik,Pending,31/07/2026
PKG0156,Lahore,11.57,1,Zain Iqbal,Usman Hameed,Pending,02/09/2026
PKG0157,Islamabad,1.99,2,Hamza Javed,Hassan Qureshi,Out for Delivery,25/07/2026
PKG0158,Lahore,22.53,2,Bilal Ahmed,Zain Qureshi,In Transit,09/06/2026
PKG0159,Sialkot,17.95,2,Ayesha Raza,Noor Hameed,Delivered,29/07/2026
PKG0160,Lahore,21.39,3,Usman Hameed,Sara Ahmed,In Transit,26/07/2026
PKG0161,Rawalpindi,10.27,3,Zain Butt,Sara Iqbal,Pending,11/07/2026
PKG0162,Faisalabad,23.86,3,Sara Iqbal,Bilal Raza,Out for Delivery,09/06/2026
PKG0163,Lahore,18.74,2,Ahmed Ahmed,Ahmed Sheikh,In Transit,11/08/2026
PKG0164,Faisalabad,16.92,2,Ali Hameed,Usman Javed,Delivered,20/09/2026
PKG0165,Quetta,15.21,2,Bilal Sheikh,Amna Khan,Pending,13/08/2026
PKG0166,Peshawar,21.26,2,Usman Butt,Ayesha Qureshi,Delivered,15/06/2026
PKG0167,Multan,21.21,3,Hamza Raza,Noor Butt,Pending,17/08/2026
PKG0168,Quetta,17.72,2,Saad Raza,Ali Malik,Delivered,15/07/2026
PKG0169,Hyderabad,16.6,1,Ali Malik,Amna Malik,In Transit,03/09/2026
PKG0170,Peshawar,9.72,2,Bilal Khan,Ahmed Javed,Delivered,21/06/2026
PKG0171,Hyderabad,15.11,1,Hussain Raza,Maryam Iqbal,In Transit,21/06/2026
PKG0172,Quetta,11.36,2,Hamza Hameed,Ali Ahmed,Out for Delivery,17/08/2026
PKG0173,Sialkot,3.29,2,Zain Sheikh,Hassan Butt,Pending,07/07/2026
PKG0174,Quetta,1.61,2,Bilal Hameed,Zain Javed,Pending,01/06/2026
PKG0175,Quetta,7.59,1,Fatima Raza,Fatima Malik,Pending,03/08/2026
PKG0176,Multan,13.55,1,Maryam Sheikh,Ayesha Malik,Delivered,10/06/2026
PKG0177,Rawalpindi,23.07,2,Sara Khan,Sara Khan,Out for Delivery,13/08/2026
PKG0178,Multan,1.01,2,Sara Sheikh,Hassan Ahmed,In Transit,11/09/2026
PKG0179,Lahore,11.2,1,Noor Qureshi,Amna Iqbal,In Transit,26/07/2026
PKG0180,Multan,21.83,3,Noor Sheikh,Usman Ahmed,Delivered,29/06/2026
PKG0027_1,Peshawar,2.81,3,Hamza Qureshi,Hamza Sheikh,Out for Delivery,2025-03-25
PKG0062_2,Peshawar,20.26,1,Amna Butt,Bilal Raza,Pending,2026-01-14
PKG0044_3,Quetta,1.58,2,Saad Khan,Ahmed Sheikh,In Transit,2024-08-28
PKG0053_4,Lahore,21.99,2,Amna Javed,Hussain Khan,In Transit,2025-11-20
PKG0045_5,Sialkot,17.79,3,Hassan Malik,Maryam Qureshi,Pending,2024-01-12
PKG0180_6,Multan,21.83,3,Noor Sheikh,Usman Ahmed,Delivered,2024-10-09
PKG0074_7,Islamabad,10.03,3,Fatima Raza,Sara Qureshi,Out for Delivery,2025-10-31
PKG0002_8,Multan,1.28,1,Maryam Javed,Ahmed Hameed,In Transit,2024-09-15
PKG0066_9,Rawalpindi,3.77,2,Usman Butt,Saad Ahmed,Delivered,2026-03-02
PKG0008_10,Karachi,9.57,1,Hassan Qureshi,Bilal Iqbal,Delivered,2024-12-24
PKG0115_11,Hyderabad,19.03,3,Ali Butt,Usman Iqbal,Out for Delivery,2026-06-15
PKG0007_12,Quetta,24.64,1,Fatima Ahmed,Ali Butt,Pending,2024-12-04
PKG0166_13,Peshawar,21.26,2,Usman Butt,Ayesha Qureshi,Delivered,2024-08-19
PKG0020_14,Peshawar,22.01,1,Hussain Raza,Fatima Khan,Pending,2024-08-12
PKG0109_15,Faisalabad,15.29,1,Ahmed Hameed,Ali Sheikh,Pending,2026-03-22
PKG0111_16,Karachi,24.93,2,Bilal Qureshi,Saad Raza,Out for Delivery,2026-01-21
PKG0043_17,Peshawar,17.34,2,Hassan Hameed,Fatima Iqbal,Out for Delivery,2024-01-30
PKG0063_18,Rawalpindi,10.65,3,Fatima Qureshi,Noor Ahmed,In Transit,2024-03-25
PKG0157_19,Islamabad,1.99,2,Hamza Javed,Hassan Qureshi,Out for Delivery,2025-06-23
PKG0112_20,Faisalabad,16.92,1,Zain Iqbal,Sara Iqbal,Delivered,2024-01-09
PKG0031_21,Lahore,23.2,1,Bilal Javed,Amna Khan,In Transit,2024-05-18
PKG0002_22,Multan,1.28,1,Maryam Javed,Ahmed Hameed,In Transit,2026-04-14
PKG0113_23,Sialkot,1.4,1,Maryam Qureshi,Hassan Sheikh,Delivered,2025-10-25
PKG0102_24,Multan,7.98,3,Saad Qureshi,Hassan Hameed,Pending,2024-08-13
PKG0163_25,Lahore,18.74,2,Ahmed Ahmed,Ahmed Sheikh,In Transit,2025-07-29
PKG0119_26,Rawalpindi,6.47,3,Maryam Raza,Sara Qureshi,In Transit,2024-09-20
PKG0093_27,Sialkot,8.92,3,Noor Iqbal,Zain Javed,Delivered,2026-03-02
PKG0019_28,Hyderabad,8.44,1,Hamza Javed,Saad Khan,Pending,2024-12-16
PKG0035_29,Karachi,1.89,3,Noor Qureshi,Usman Javed,Pending,2025-10-07
PKG0096_30,Lahore,20.9,2,Noor Javed,Noor Raza,In Transit,2025-02-14
PKG0119_31,Rawalpindi,6.47,3,Maryam Raza,Sara Qureshi,In Transit,2026-03-06
PKG0180_32,Multan,21.83,3,Noor Sheikh,Usman Ahmed,Delivered,2025-02-09
PKG0061_33,Quetta,13.13,3,Zain Malik,Bilal Ahmed,Delivered,2024-02-06
PKG0087_34,Peshawar,20.85,1,Sara Hameed,Hassan Iqbal,Delivered,2024-04-23
PKG0075_35,Hyderabad,13.59,2,Ayesha Qureshi,Saad Malik,Pending,2024-07-04
PKG0117_36,Karachi,8.11,1,Ali Hameed,Hamza Butt,Out for Delivery,2024-06-03
PKG0055_37,Peshawar,6.74,3,Usman Ahmed,Sara Hameed,Out for Delivery,2026-05-24
PKG0034_38,Sialkot,1.99,2,Hassan Butt,Ali Hameed,Pending,2025-04-03
PKG0139_39,Faisalabad,18.44,1,Hamza Qureshi,Ali Hameed,Delivered,2024-03-19
PKG0152_40,Sialkot,5.58,1,Hamza Hameed,Fatima Ahmed,In Transit,2024-08-26
PKG0127_41,Multan,16.42,2,Hamza Raza,Hussain Hameed,Out for Delivery,2026-02-25
PKG0131_42,Karachi,4.79,3,Usman Sheikh,Noor Malik,Out for Delivery,2025-08-25
PKG0168_43,Quetta,17.72,2,Saad Raza,Ali Malik,Delivered,2025-10-09
PKG0097_44,Karachi,7.22,1,Ayesha Raza,Ali Javed,Delivered,2026-03-03
PKG0083_45,Peshawar,3.0,2,Maryam Butt,Ahmed Hameed,Pending,2026-04-08
PKG0064_46,Peshawar,4.12,3,Maryam Sheikh,Zain Sheikh,Pending,2026-05-05
PKG0126_47,Multan,21.84,1,Saad Qureshi,Ali Malik,Pending,2024-01-11
PKG0166_48,Peshawar,21.26,2,Usman Butt,Ayesha Qureshi,Delivered,2024-01-31
PKG0165_49,Quetta,15.21,2,Bilal Sheikh,Amna Khan,Pending,2024-02-16
PKG0047_50,Faisalabad,5.65,1,Ali Raza,Hussain Khan,Pending,2024-11-26
PKG0174_51,Quetta,1.61,2,Bilal Hameed,Zain Javed,Pending,2025-11-04
PKG0062_52,Peshawar,20.26,1,Amna Butt,Bilal Raza,Pending,2024-05-15
PKG0166_53,Peshawar,21.26,2,Usman Butt,Ayesha Qureshi,Delivered,2024-07-10
PKG0045_54,Sialkot,17.79,3,Hassan Malik,Maryam Qureshi,Pending,2026-05-13
PKG0113_55,Sialkot,1.4,1,Maryam Qureshi,Hassan Sheikh,Delivered,2024-02-14
PKG0146_56,Rawalpindi,3.34,1,Ayesha Khan,Ali Raza,In Transit,2025-05-26
PKG0124_57,Multan,24.72,3,Hussain Qureshi,Maryam Sheikh,In Transit,2025-12-04
PKG0129_58,Lahore,11.37,3,Maryam Ahmed,Sara Ahmed,Delivered,2024-09-24
PKG0051_59,Peshawar,5.96,3,Fatima Qureshi,Hussain Raza,In Transit,2024-06-09
PKG0077_60,Quetta,18.92,2,Zain Iqbal,Hussain Sheikh,Delivered,2026-03-23
PKG0076_61,Karachi,1.73,2,Bilal Sheikh,Ayesha Qureshi,Delivered,2025-03-31
PKG0167_62,Multan,21.21,3,Hamza Raza,Noor Butt,Pending,2024-02-07
PKG0128_63,Islamabad,15.63,1,Bilal Qureshi,Amna Javed,Delivered,2025-11-18
PKG0142_64,Multan,24.2,3,Ahmed Malik,Hamza Butt,Delivered,2025-08-27
PKG0011_65,Faisalabad,5.71,2,Hassan Ahmed,Fatima Hameed,Out for Delivery,2024-01-31
PKG0135_66,Multan,14.51,3,Amna Qureshi,Ahmed Butt,Delivered,2025-12-26
PKG0126_67,Multan,21.84,1,Saad Qureshi,Ali Malik,Pending,2025-08-20
PKG0066_68,Rawalpindi,3.77,2,Usman Butt,Saad Ahmed,Delivered,2025-12-21
PKG0001_69,Peshawar,5.97,3,Bilal Ahmed,Ali Raza,Pending,2025-10-31
PKG0069_70,Quetta,6.25,2,Fatima Raza,Zain Ahmed,Delivered,2024-02-06
PKG0072_71,Hyderabad,9.82,1,Saad Hameed,Maryam Khan,Delivered,2026-04-27
PKG0055_72,Peshawar,6.74,3,Usman Ahmed,Sara Hameed,Out for Delivery,2025-04-25
PKG0169_73,Hyderabad,16.6,1,Ali Malik,Amna Malik,In Transit,2025-08-18
PKG0072_74,Hyderabad,9.82,1,Saad Hameed,Maryam Khan,Delivered,2025-01-10
PKG0094_75,Quetta,6.15,3,Maryam Qureshi,Hassan Raza,In Transit,2024-06-17
PKG0124_76,Multan,24.72,3,Hussain Qureshi,Maryam Sheikh,In Transit,2024-08-25
PKG0173_77,Sialkot,3.29,2,Zain Sheikh,Hassan Butt,Pending,2025-02-28
PKG0047_78,Faisalabad,5.65,1,Ali Raza,Hussain Khan,Pending,2026-06-19
PKG0180_79,Multan,21.83,3,Noor Sheikh,Usman Ahmed,Delivered,2024-07-28
PKG0114_80,Sialkot,20.71,1,Hussain Ahmed,Hamza Sheikh,Out for Delivery,2026-01-05
PKG0104_81,Islamabad,10.51,3,Ayesha Javed,Ahmed Malik,Out for Delivery,2024-10-03
PKG0046_82,Faisalabad,14.77,1,Ahmed Malik,Usman Khan,Out for Delivery,2026-06-03
PKG0033_83,Sialkot,16.72,2,Saad Qureshi,Hassan Sheikh,In Transit,2025-12-26
PKG0060_84,Rawalpindi,11.32,3,Noor Hameed,Bilal Iqbal,In Transit,2025-03-23
PKG0024_85,Hyderabad,14.07,3,Fatima Ahmed,Hussain Khan,In Transit,2024-06-09
PKG0079_86,Peshawar,5.38,1,Ahmed Khan,Hamza Khan,In Transit,2024-01-15
PKG0078_87,Islamabad,25.0,2,Ahmed Qureshi,Ali Javed,In Transit,2024-07-10
PKG0071_88,Rawalpindi,10.69,1,Sara Sheikh,Hussain Javed,Out for Delivery,2024-02-28
PKG0152_89,Sialkot,5.58,1,Hamza Hameed,Fatima Ahmed,In Transit,2024-10-23
PKG0069_90,Quetta,6.25,2,Fatima Raza,Zain Ahmed,Delivered,2026-02-23
PKG0138_91,Lahore,22.63,3,Fatima Hameed,Hassan Malik,Pending,2026-03-13
PKG0021_92,Karachi,3.65,2,Zain Ahmed,Hamza Javed,In Transit,2025-03-04
PKG0144_93,Rawalpindi,1.11,3,Sara Iqbal,Ahmed Butt,Delivered,2026-04-05
PKG0100_94,Hyderabad,23.75,1,Noor Khan,Ayesha Malik,In Transit,2024-02-21
PKG0138_95,Lahore,22.63,3,Fatima Hameed,Hassan Malik,Pending,2025-02-27
PKG0001_96,Peshawar,5.97,3,Bilal Ahmed,Ali Raza,Pending,2024-07-06
PKG0119_97,Rawalpindi,6.47,3,Maryam Raza,Sara Qureshi,In Transit,2025-09-20
PKG0177_98,Rawalpindi,23.07,2,Sara Khan,Sara Khan,Out for Delivery,2025-06-29
PKG0032_99,Islamabad,4.53,1,Zain Qureshi,Fatima Sheikh,Out for Delivery,2024-03-17
PKG0098_100,Hyderabad,7.47,2,Ayesha Qureshi,Ahmed Khan,Out for Delivery,2024-06-15
PKG0127_101,Multan,16.42,2,Hamza Raza,Hussain Hameed,Out for Delivery,2026-01-09
PKG0097_102,Karachi,7.22,1,Ayesha Raza,Ali Javed,Delivered,2024-06-02
PKG0058_103,Peshawar,10.8,2,Maryam Raza,Usman Malik,In Transit,2025-01-08
PKG0037_104,Multan,16.61,3,Noor Khan,Noor Ahmed,Delivered,2025-03-17
PKG0141_105,Quetta,18.79,2,Ayesha Raza,Saad Qureshi,Pending,2024-09-26
PKG0098_106,Hyderabad,7.47,2,Ayesha Qureshi,Ahmed Khan,Out for Delivery,2025-05-25
PKG0177_107,Rawalpindi,23.07,2,Sara Khan,Sara Khan,Out for Delivery,2026-05-10
PKG0103_108,Peshawar,6.98,1,Maryam Ahmed,Hamza Butt,In Transit,2024-06-13
PKG0079_109,Peshawar,5.38,1,Ahmed Khan,Hamza Khan,In Transit,2025-02-23
PKG0090_110,Sialkot,0.75,1,Saad Hameed,Maryam Raza,Pending,2024-09-08
PKG0038_111,Peshawar,7.01,1,Hassan Butt,Bilal Iqbal,Delivered,2026-05-15
PKG0083_112,Peshawar,3.0,2,Maryam Butt,Ahmed Hameed,Pending,2024-07-16
PKG0049_113,Islamabad,4.89,2,Hamza Malik,Saad Sheikh,Out for Delivery,2024-04-19
PKG0130_114,Quetta,9.28,2,Ali Khan,Hussain Khan,In Transit,2024-08-24
PKG0133_115,Quetta,17.1,1,Hassan Khan,Saad Qureshi,Pending,2025-08-29
PKG0028_116,Lahore,1.99,3,Sara Sheikh,Zain Khan,Delivered,2024-01-16
PKG0063_117,Rawalpindi,10.65,3,Fatima Qureshi,Noor Ahmed,In Transit,2026-06-18
PKG0051_118,Peshawar,5.96,3,Fatima Qureshi,Hussain Raza,In Transit,2025-09-19
PKG0126_119,Multan,21.84,1,Saad Qureshi,Ali Malik,Pending,2025-01-05
PKG0101_120,Hyderabad,6.03,3,Usman Sheikh,Noor Hameed,Out for Delivery,2024-03-03
PKG0164_121,Faisalabad,16.92,2,Ali Hameed,Usman Javed,Delivered,2024-09-07
PKG0145_122,Rawalpindi,22.78,2,Noor Butt,Bilal Ahmed,Out for Delivery,2025-07-07
PKG0159_123,Sialkot,17.95,2,Ayesha Raza,Noor Hameed,Delivered,2024-12-05
PKG0070_124,Peshawar,9.88,1,Usman Ahmed,Ayesha Malik,In Transit,2024-04-10
PKG0067_125,Multan,20.85,3,Saad Qureshi,Noor Javed,Out for Delivery,2024-04-04
PKG0016_126,Quetta,19.33,2,Maryam Ahmed,Bilal Javed,Pending,2025-09-14
PKG0112_127,Faisalabad,16.92,1,Zain Iqbal,Sara Iqbal,Delivered,2026-04-30
PKG0123_128,Peshawar,14.51,1,Saad Iqbal,Amna Butt,Out for Delivery,2026-01-15
PKG0115_129,Hyderabad,19.03,3,Ali Butt,Usman Iqbal,Out for Delivery,2025-03-16
PKG0088_130,Hyderabad,15.45,2,Zain Butt,Hamza Qureshi,Delivered,2025-01-17
PKG0006_131,Multan,2.43,2,Ali Qureshi,Usman Ahmed,Delivered,2024-09-20
PKG0025_132,Islamabad,21.56,1,Ahmed Khan,Fatima Ahmed,In Transit,2024-08-27
PKG0145_133,Rawalpindi,22.78,2,Noor Butt,Bilal Ahmed,Out for Delivery,2024-09-17
PKG0048_134,Hyderabad,18.86,1,Hamza Javed,Saad Sheikh,In Transit,2026-03-01
PKG0027_135,Peshawar,2.81,3,Hamza Qureshi,Hamza Sheikh,Out for Delivery,2026-05-04
PKG0154_136,Karachi,0.86,1,Hassan Malik,Ahmed Khan,Delivered,2025-01-17
PKG0100_137,Hyderabad,23.75,1,Noor Khan,Ayesha Malik,In Transit,2025-09-28
PKG0029_138,Peshawar,13.64,1,Amna Ahmed,Fatima Butt,Out for Delivery,2025-06-02
PKG0153_139,Islamabad,7.29,1,Hamza Malik,Hamza Hameed,In Transit,2026-04-06
PKG0068_140,Peshawar,21.08,2,Ayesha Qureshi,Zain Raza,Out for Delivery,2026-03-05
PKG0174_141,Quetta,1.61,2,Bilal Hameed,Zain Javed,Pending,2025-02-05
PKG0163_142,Lahore,18.74,2,Ahmed Ahmed,Ahmed Sheikh,In Transit,2025-08-23
PKG0063_143,Rawalpindi,10.65,3,Fatima Qureshi,Noor Ahmed,In Transit,2024-12-01
PKG0173_144,Sialkot,3.29,2,Zain Sheikh,Hassan Butt,Pending,2025-08-16
PKG0021_145,Karachi,3.65,2,Zain Ahmed,Hamza Javed,In Transit,2024-09-16
PKG0156_146,Lahore,11.57,1,Zain Iqbal,Usman Hameed,Pending,2024-11-29
PKG0128_147,Islamabad,15.63,1,Bilal Qureshi,Amna Javed,Delivered,2025-07-22
PKG0150_148,Quetta,5.15,1,Saad Iqbal,Ali Sheikh,Out for Delivery,2025-06-22
PKG0034_149,Sialkot,1.99,2,Hassan Butt,Ali Hameed,Pending,2024-06-19
PKG0128_150,Islamabad,15.63,1,Bilal Qureshi,Amna Javed,Delivered,2025-05-28
PKG0075_151,Hyderabad,13.59,2,Ayesha Qureshi,Saad Malik,Pending,2024-12-18
PKG0025_152,Islamabad,21.56,1,Ahmed Khan,Fatima Ahmed,In Transit,2025-05-04
PKG0045_153,Sialkot,17.79,3,Hassan Malik,Maryam Qureshi,Pending,2025-01-19
PKG0033_154,Sialkot,16.72,2,Saad Qureshi,Hassan Sheikh,In Transit,2024-03-22
PKG0125_155,Faisalabad,21.81,2,Ali Malik,Usman Hameed,Pending,2026-01-26
PKG0140_156,Karachi,19.77,2,Maryam Sheikh,Ayesha Butt,Delivered,2026-04-18
PKG0089_157,Peshawar,9.19,2,Zain Iqbal,Ayesha Qureshi,Delivered,2025-06-30
PKG0028_158,Lahore,1.99,3,Sara Sheikh,Zain Khan,Delivered,2026-05-31
PKG0010_159,Islamabad,6.11,1,Hassan Javed,Fatima Iqbal,Delivered,2026-05-22
PKG0024_160,Hyderabad,14.07,3,Fatima Ahmed,Hussain Khan,In Transit,2025-11-22
PKG0083_161,Peshawar,3.0,2,Maryam Butt,Ahmed Hameed,Pending,2026-01-29
PKG0138_162,Lahore,22.63,3,Fatima Hameed,Hassan Malik,Pending,2026-02-16
PKG0082_163,Hyderabad,17.1,2,Noor Khan,Saad Raza,Out for Delivery,2024-06-09
PKG0032_164,Islamabad,4.53,1,Zain Qureshi,Fatima Sheikh,Out for Delivery,2025-05-20
PKG0028_165,Lahore,1.99,3,Sara Sheikh,Zain Khan,Delivered,2025-05-04
PKG0147_166,Multan,14.89,3,Zain Iqbal,Bilal Javed,In Transit,2025-06-29
PKG0152_167,Sialkot,5.58,1,Hamza Hameed,Fatima Ahmed,In Transit,2024-01-29
PKG0177_168,Rawalpindi,23.07,2,Sara Khan,Sara Khan,Out for Delivery,2024-04-13
PKG0160_169,Lahore,21.39,3,Usman Hameed,Sara Ahmed,In Transit,2024-06-30
PKG0012_170,Karachi,6.54,3,Saad Qureshi,Ayesha Raza,Delivered,2024-09-28
PKG0104_171,Islamabad,10.51,3,Ayesha Javed,Ahmed Malik,Out for Delivery,2025-11-19
PKG0059_172,Islamabad,7.94,1,Noor Raza,Sara Javed,Out for Delivery,2024-04-10
PKG0018_173,Hyderabad,5.37,2,Bilal Raza,Amna Javed,In Transit,2026-05-21
PKG0025_174,Islamabad,21.56,1,Ahmed Khan,Fatima Ahmed,In Transit,2024-05-20
PKG0123_175,Peshawar,14.51,1,Saad Iqbal,Amna Butt,Out for Delivery,2025-08-05
PKG0161_176,Rawalpindi,10.27,3,Zain Butt,Sara Iqbal,Pending,2024-06-25
PKG0139_177,Faisalabad,18.44,1,Hamza Qureshi,Ali Hameed,Delivered,2026-01-27
PKG0009_178,Sialkot,18.36,1,Saad Ahmed,Noor Malik,Out for Delivery,2025-10-08
PKG0102_179,Multan,7.98,3,Saad Qureshi,Hassan Hameed,Pending,2025-06-06
PKG0075_180,Hyderabad,13.59,2,Ayesha Qureshi,Saad Malik,Pending,2024-07-23
PKG0121_181,Quetta,18.29,3,Hamza Javed,Hassan Khan,Out for Delivery,2025-05-12
PKG0146_182,Rawalpindi,3.34,1,Ayesha Khan,Ali Raza,In Transit,2025-07-22
PKG0094_183,Quetta,6.15,3,Maryam Qureshi,Hassan Raza,In Transit,2025-06-02
PKG0065_184,Peshawar,4.81,3,Hamza Ahmed,Hamza Sheikh,Out for Delivery,2025-01-26
PKG0114_185,Sialkot,20.71,1,Hussain Ahmed,Hamza Sheikh,Out for Delivery,2024-12-25
PKG0046_186,Faisalabad,14.77,1,Ahmed Malik,Usman Khan,Out for Delivery,2024-09-18
PKG0034_187,Sialkot,1.99,2,Hassan Butt,Ali Hameed,Pending,2025-07-16
PKG0054_188,Multan,8.97,2,Hassan Khan,Ahmed Hameed,Out for Delivery,2025-12-21
PKG0126_189,Multan,21.84,1,Saad Qureshi,Ali Malik,Pending,2025-12-29
PKG0060_190,Rawalpindi,11.32,3,Noor Hameed,Bilal Iqbal,In Transit,2024-08-23
PKG0036_191,Peshawar,10.39,3,Ayesha Ahmed,Noor Ahmed,In Transit,2024-06-04
PKG0011_192,Faisalabad,5.71,2,Hassan Ahmed,Fatima Hameed,Out for Delivery,2025-06-05
PKG0172_193,Quetta,11.36,2,Hamza Hameed,Ali Ahmed,Out for Delivery,2025-08-21
PKG0091_194,Peshawar,17.42,3,Maryam Sheikh,Zain Javed,Out for Delivery,2024-09-13
PKG0059_195,Islamabad,7.94,1,Noor Raza,Sara Javed,Out for Delivery,2025-06-18
PKG0141_196,Quetta,18.79,2,Ayesha Raza,Saad Qureshi,Pending,2024-06-03
PKG0171_197,Hyderabad,15.11,1,Hussain Raza,Maryam Iqbal,In Transit,2025-04-07
PKG0121_198,Quetta,18.29,3,Hamza Javed,Hassan Khan,Out for Delivery,2026-05-27
PKG0004_199,Karachi,17.6,2,Zain Hameed,Hassan Khan,Delivered,2026-05-05
PKG0151_200,Islamabad,1.74,2,Bilal Butt,Bilal Hameed,In Transit,2026-02-15
PKG0017_201,Quetta,24.31,1,Sara Malik,Zain Khan,Pending,2025-11-06
PKG0095_202,Peshawar,5.8,2,Ahmed Javed,Hamza Malik,Delivered,2026-03-19
PKG0156_203,Lahore,11.57,1,Zain Iqbal,Usman Hameed,Pending,2024-06-08
PKG0094_204,Quetta,6.15,3,Maryam Qureshi,Hassan Raza,In Transit,2024-08-02
PKG0128_205,Islamabad,15.63,1,Bilal Qureshi,Amna Javed,Delivered,2024-08-08
PKG0007_206,Quetta,24.64,1,Fatima Ahmed,Ali Butt,Pending,2025-10-28
PKG0115_207,Hyderabad,19.03,3,Ali Butt,Usman Iqbal,Out for Delivery,2024-11-14
PKG0021_208,Karachi,3.65,2,Zain Ahmed,Hamza Javed,In Transit,2024-05-26
PKG0056_209,Faisalabad,11.07,3,Usman Javed,Bilal Butt,Delivered,2025-05-17
PKG0171_210,Hyderabad,15.11,1,Hussain Raza,Maryam Iqbal,In Transit,2024-05-27
PKG0067_211,Multan,20.85,3,Saad Qureshi,Noor Javed,Out for Delivery,2025-10-08
PKG0029_212,Peshawar,13.64,1,Amna Ahmed,Fatima Butt,Out for Delivery,2025-04-18
PKG0143_213,Sialkot,3.53,2,Hamza Sheikh,Ali Raza,Delivered,2024-10-11
PKG0166_214,Peshawar,21.26,2,Usman Butt,Ayesha Qureshi,Delivered,2025-10-17
PKG0123_215,Peshawar,14.51,1,Saad Iqbal,Amna Butt,Out for Delivery,2024-10-01
PKG0142_216,Multan,24.2,3,Ahmed Malik,Hamza Butt,Delivered,2024-08-30
PKG0016_217,Quetta,19.33,2,Maryam Ahmed,Bilal Javed,Pending,2024-04-21
PKG0148_218,Hyderabad,10.5,2,Sara Ahmed,Amna Qureshi,Pending,2025-05-23
PKG0101_219,Hyderabad,6.03,3,Usman Sheikh,Noor Hameed,Out for Delivery,2026-03-03
PKG0022_220,Sialkot,19.0,3,Usman Hameed,Sara Butt,In Transit,2026-03-19
PKG0094_221,Quetta,6.15,3,Maryam Qureshi,Hassan Raza,In Transit,2025-05-23
PKG0167_222,Multan,21.21,3,Hamza Raza,Noor Butt,Pending,2024-06-07
PKG0175_223,Quetta,7.59,1,Fatima Raza,Fatima Malik,Pending,2024-06-10
PKG0016_224,Quetta,19.33,2,Maryam Ahmed,Bilal Javed,Pending,2024-08-15
PKG0168_225,Quetta,17.72,2,Saad Raza,Ali Malik,Delivered,2024-12-20
PKG0098_226,Hyderabad,7.47,2,Ayesha Qureshi,Ahmed Khan,Out for Delivery,2024-06-28
PKG0164_227,Faisalabad,16.92,2,Ali Hameed,Usman Javed,Delivered,2025-05-21
PKG0088_228,Hyderabad,15.45,2,Zain Butt,Hamza Qureshi,Delivered,2024-01-15
PKG0158_229,Lahore,22.53,2,Bilal Ahmed,Zain Qureshi,In Transit,2024-03-16
PKG0079_230,Peshawar,5.38,1,Ahmed Khan,Hamza Khan,In Transit,2025-05-22
PKG0083_231,Peshawar,3.0,2,Maryam Butt,Ahmed Hameed,Pending,2026-01-08
PKG0036_232,Peshawar,10.39,3,Ayesha Ahmed,Noor Ahmed,In Transit,2024-12-30
PKG0050_233,Lahore,9.87,1,Bilal Butt,Hassan Malik,Out for Delivery,2026-03-03
PKG0017_234,Quetta,24.31,1,Sara Malik,Zain Khan,Pending,2024-03-02
PKG0136_235,Quetta,0.7,3,Hassan Khan,Amna Sheikh,Pending,2026-03-16
PKG0001_236,Peshawar,5.97,3,Bilal Ahmed,Ali Raza,Pending,2025-05-30
PKG0096_237,Lahore,20.9,2,Noor Javed,Noor Raza,In Transit,2026-05-24
PKG0127_238,Multan,16.42,2,Hamza Raza,Hussain Hameed,Out for Delivery,2026-03-18
PKG0136_239,Quetta,0.7,3,Hassan Khan,Amna Sheikh,Pending,2025-03-09
PKG0059_240,Islamabad,7.94,1,Noor Raza,Sara Javed,Out for Delivery,2026-01-24
PKG0173_241,Sialkot,3.29,2,Zain Sheikh,Hassan Butt,Pending,2026-05-06
PKG0165_242,Quetta,15.21,2,Bilal Sheikh,Amna Khan,Pending,2025-06-04
PKG0122_243,Faisalabad,8.64,3,Ayesha Qureshi,Usman Qureshi,Out for Delivery,2026-01-07
PKG0130_244,Quetta,9.28,2,Ali Khan,Hussain Khan,In Transit,2024-10-23
PKG0102_245,Multan,7.98,3,Saad Qureshi,Hassan Hameed,Pending,2025-05-10
PKG0026_246,Karachi,18.22,3,Bilal Qureshi,Fatima Javed,Out for Delivery,2026-03-15
PKG0040_247,Faisalabad,22.08,1,Fatima Javed,Hassan Malik,Delivered,2024-03-16
PKG0079_248,Peshawar,5.38,1,Ahmed Khan,Hamza Khan,In Transit,2025-02-14
PKG0136_249,Quetta,0.7,3,Hassan Khan,Amna Sheikh,Pending,2024-11-06
PKG0075_250,Hyderabad,13.59,2,Ayesha Qureshi,Saad Malik,Pending,2026-05-31
PKG0069_251,Quetta,6.25,2,Fatima Raza,Zain Ahmed,Delivered,2025-04-24
PKG0127_252,Multan,16.42,2,Hamza Raza,Hussain Hameed,Out for Delivery,2024-09-24
PKG0007_253,Quetta,24.64,1,Fatima Ahmed,Ali Butt,Pending,2025-05-19
PKG0090_254,Sialkot,0.75,1,Saad Hameed,Maryam Raza,Pending,2026-02-14
PKG0124_255,Multan,24.72,3,Hussain Qureshi,Maryam Sheikh,In Transit,2025-07-29
PKG0137_256,Peshawar,15.37,2,Noor Qureshi,Amna Raza,In Transit,2024-10-24
PKG0120_257,Lahore,7.27,2,Fatima Hameed,Usman Malik,Delivered,2024-05-30
PKG0162_258,Faisalabad,23.86,3,Sara Iqbal,Bilal Raza,Out for Delivery,2024-08-25
PKG0146_259,Rawalpindi,3.34,1,Ayesha Khan,Ali Raza,In Transit,2024-02-02
PKG0174_260,Quetta,1.61,2,Bilal Hameed,Zain Javed,Pending,2026-01-03
PKG0131_261,Karachi,4.79,3,Usman Sheikh,Noor Malik,Out for Delivery,2024-03-25
PKG0002_262,Multan,1.28,1,Maryam Javed,Ahmed Hameed,In Transit,2024-03-20
PKG0155_263,Multan,13.39,3,Ayesha Raza,Ali Malik,Pending,2024-03-28
PKG0120_264,Lahore,7.27,2,Fatima Hameed,Usman Malik,Delivered,2024-08-29
PKG0167_265,Multan,21.21,3,Hamza Raza,Noor Butt,Pending,2025-10-13
PKG0172_266,Quetta,11.36,2,Hamza Hameed,Ali Ahmed,Out for Delivery,2025-10-08
PKG0082_267,Hyderabad,17.1,2,Noor Khan,Saad Raza,Out for Delivery,2025-07-17
PKG0067_268,Multan,20.85,3,Saad Qureshi,Noor Javed,Out for Delivery,2025-05-26
PKG0069_269,Quetta,6.25,2,Fatima Raza,Zain Ahmed,Delivered,2025-05-13
PKG0045_270,Sialkot,17.79,3,Hassan Malik,Maryam Qureshi,Pending,2024-01-14
PKG0144_271,Rawalpindi,1.11,3,Sara Iqbal,Ahmed Butt,Delivered,2024-05-09
PKG0160_272,Lahore,21.39,3,Usman Hameed,Sara Ahmed,In Transit,2024-09-04
PKG0016_273,Quetta,19.33,2,Maryam Ahmed,Bilal Javed,Pending,2025-11-29
PKG0134_274,Quetta,11.69,2,Hussain Hameed,Hassan Sheikh,In Transit,2024-03-03
PKG0105_275,Rawalpindi,2.24,1,Ali Butt,Hassan Raza,Delivered,2026-02-15
PKG0020_276,Peshawar,22.01,1,Hussain Raza,Fatima Khan,Pending,2026-03-23
PKG0011_277,Faisalabad,5.71,2,Hassan Ahmed,Fatima Hameed,Out for Delivery,2024-09-02
PKG0144_278,Rawalpindi,1.11,3,Sara Iqbal,Ahmed Butt,Delivered,2024-01-16
PKG0103_279,Peshawar,6.98,1,Maryam Ahmed,Hamza Butt,In Transit,2025-08-22
PKG0041_280,Quetta,15.49,3,Ayesha Qureshi,Amna Javed,Pending,2025-08-25
PKG0166_281,Peshawar,21.26,2,Usman Butt,Ayesha Qureshi,Delivered,2024-03-06
PKG0090_282,Sialkot,0.75,1,Saad Hameed,Maryam Raza,Pending,2024-05-14
PKG0062_283,Peshawar,20.26,1,Amna Butt,Bilal Raza,Pending,2024-10-25
PKG0086_284,Quetta,15.59,3,Ayesha Sheikh,Ayesha Javed,Out for Delivery,2025-09-13
PKG0174_285,Quetta,1.61,2,Bilal Hameed,Zain Javed,Pending,2024-01-28
PKG0057_286,Sialkot,8.08,2,Hussain Ahmed,Maryam Raza,Delivered,2025-11-20
PKG0054_287,Multan,8.97,2,Hassan Khan,Ahmed Hameed,Out for Delivery,2025-07-05
PKG0064_288,Peshawar,4.12,3,Maryam Sheikh,Zain Sheikh,Pending,2025-09-29
PKG0087_289,Peshawar,20.85,1,Sara Hameed,Hassan Iqbal,Delivered,2024-11-15
PKG0083_290,Peshawar,3.0,2,Maryam Butt,Ahmed Hameed,Pending,2024-10-06
PKG0059_291,Islamabad,7.94,1,Noor Raza,Sara Javed,Out for Delivery,2024-08-09
PKG0133_292,Quetta,17.1,1,Hassan Khan,Saad Qureshi,Pending,2024-09-18
PKG0148_293,Hyderabad,10.5,2,Sara Ahmed,Amna Qureshi,Pending,2024-09-15
PKG0142_294,Multan,24.2,3,Ahmed Malik,Hamza Butt,Delivered,2024-03-01
PKG0092_295,Peshawar,10.41,1,Hamza Khan,Ahmed Raza,Delivered,2024-10-09
PKG0155_296,Multan,13.39,3,Ayesha Raza,Ali Malik,Pending,2024-08-26
PKG0007_297,Quetta,24.64,1,Fatima Ahmed,Ali Butt,Pending,2024-04-20
PKG0171_298,Hyderabad,15.11,1,Hussain Raza,Maryam Iqbal,In Transit,2025-08-12
PKG0043_299,Peshawar,17.34,2,Hassan Hameed,Fatima Iqbal,Out for Delivery,2025-10-11
PKG0043_300,Peshawar,17.34,2,Hassan Hameed,Fatima Iqbal,Out for Delivery,2024-08-15
PKG0015_301,Rawalpindi,13.46,3,Ahmed Sheikh,Sara Hameed,Pending,2026-05-28
PKG0005_302,Multan,2.87,2,Fatima Iqbal,Ahmed Ahmed,Delivered,2025-02-08
PKG0110_303,Quetta,14.62,1,Bilal Hameed,Noor Khan,Out for Delivery,2026-06-04
PKG0083_304,Peshawar,3.0,2,Maryam Butt,Ahmed Hameed,Pending,2026-04-27
PKG0032_305,Islamabad,4.53,1,Zain Qureshi,Fatima Sheikh,Out for Delivery,2025-08-28
PKG0071_306,Rawalpindi,10.69,1,Sara Sheikh,Hussain Javed,Out for Delivery,2025-12-18
PKG0130_307,Quetta,9.28,2,Ali Khan,Hussain Khan,In Transit,2024-09-26
PKG0060_308,Rawalpindi,11.32,3,Noor Hameed,Bilal Iqbal,In Transit,2026-04-01
PKG0109_309,Faisalabad,15.29,1,Ahmed Hameed,Ali Sheikh,Pending,2024-11-30
PKG0037_310,Multan,16.61,3,Noor Khan,Noor Ahmed,Delivered,2025-03-24
PKG0079_311,Peshawar,5.38,1,Ahmed Khan,Hamza Khan,In Transit,2025-03-25
PKG0004_312,Karachi,17.6,2,Zain Hameed,Hassan Khan,Delivered,2024-05-15
PKG0110_313,Quetta,14.62,1,Bilal Hameed,Noor Khan,Out for Delivery,2026-04-21
PKG0056_314,Faisalabad,11.07,3,Usman Javed,Bilal Butt,Delivered,2025-10-06
PKG0171_315,Hyderabad,15.11,1,Hussain Raza,Maryam Iqbal,In Transit,2024-05-31
PKG0155_316,Multan,13.39,3,Ayesha Raza,Ali Malik,Pending,2025-11-25
PKG0010_317,Islamabad,6.11,1,Hassan Javed,Fatima Iqbal,Delivered,2026-03-17
PKG0120_318,Lahore,7.27,2,Fatima Hameed,Usman Malik,Delivered,2024-06-18
PKG0022_319,Sialkot,19.0,3,Usman Hameed,Sara Butt,In Transit,2025-01-11
PKG0123_320,Peshawar,14.51,1,Saad Iqbal,Amna Butt,Out for Delivery,2026-02-04
PKG0109_321,Faisalabad,15.29,1,Ahmed Hameed,Ali Sheikh,Pending,2024-12-17
PKG0059_322,Islamabad,7.94,1,Noor Raza,Sara Javed,Out for Delivery,2026-05-24
PKG0021_323,Karachi,3.65,2,Zain Ahmed,Hamza Javed,In Transit,2024-10-12
PKG0179_324,Lahore,11.2,1,Noor Qureshi,Amna Iqbal,In Transit,2024-03-11
PKG0135_325,Multan,14.51,3,Amna Qureshi,Ahmed Butt,Delivered,2025-02-16
PKG0027_326,Peshawar,2.81,3,Hamza Qureshi,Hamza Sheikh,Out for Delivery,2025-09-03
PKG0080_327,Hyderabad,23.72,2,Ayesha Qureshi,Bilal Ahmed,Delivered,2025-02-08
PKG0029_328,Peshawar,13.64,1,Amna Ahmed,Fatima Butt,Out for Delivery,2024-07-08
PKG0075_329,Hyderabad,13.59,2,Ayesha Qureshi,Saad Malik,Pending,2026-01-23
PKG0032_330,Islamabad,4.53,1,Zain Qureshi,Fatima Sheikh,Out for Delivery,2024-12-21
PKG0157_331,Islamabad,1.99,2,Hamza Javed,Hassan Qureshi,Out for Delivery,2026-05-18
PKG0179_332,Lahore,11.2,1,Noor Qureshi,Amna Iqbal,In Transit,2024-02-04
PKG0093_333,Sialkot,8.92,3,Noor Iqbal,Zain Javed,Delivered,2024-05-20
PKG0026_334,Karachi,18.22,3,Bilal Qureshi,Fatima Javed,Out for Delivery,2025-12-28
PKG0010_335,Islamabad,6.11,1,Hassan Javed,Fatima Iqbal,Delivered,2025-04-14
PKG0097_336,Karachi,7.22,1,Ayesha Raza,Ali Javed,Delivered,2024-01-05
PKG0156_337,Lahore,11.57,1,Zain Iqbal,Usman Hameed,Pending,2026-01-02
PKG0056_338,Faisalabad,11.07,3,Usman Javed,Bilal Butt,Delivered,2026-04-09
PKG0037_339,Multan,16.61,3,Noor Khan,Noor Ahmed,Delivered,2025-04-04
PKG0090_340,Sialkot,0.75,1,Saad Hameed,Maryam Raza,Pending,2025-12-07
PKG0122_341,Faisalabad,8.64,3,Ayesha Qureshi,Usman Qureshi,Out for Delivery,2026-03-02
PKG0062_342,Peshawar,20.26,1,Amna Butt,Bilal Raza,Pending,2026-06-01
PKG0093_343,Sialkot,8.92,3,Noor Iqbal,Zain Javed,Delivered,2025-05-30
PKG0122_344,Faisalabad,8.64,3,Ayesha Qureshi,Usman Qureshi,Out for Delivery,2025-10-10
PKG0129_345,Lahore,11.37,3,Maryam Ahmed,Sara Ahmed,Delivered,2024-06-17
PKG0023_346,Rawalpindi,22.54,2,Hassan Sheikh,Bilal Iqbal,Pending,2024-09-15
PKG0025_347,Islamabad,21.56,1,Ahmed Khan,Fatima Ahmed,In Transit,2026-01-23
PKG0174_348,Quetta,1.61,2,Bilal Hameed,Zain Javed,Pending,2025-06-07
PKG0041_349,Quetta,15.49,3,Ayesha Qureshi,Amna Javed,Pending,2025-10-03
PKG0180_350,Multan,21.83,3,Noor Sheikh,Usman Ahmed,Delivered,2024-06-16
PKG0049_351,Islamabad,4.89,2,Hamza Malik,Saad Sheikh,Out for Delivery,2025-10-23
PKG0176_352,Multan,13.55,1,Maryam Sheikh,Ayesha Malik,Delivered,2026-06-02
PKG0021_353,Karachi,3.65,2,Zain Ahmed,Hamza Javed,In Transit,2025-06-27
PKG0097_354,Karachi,7.22,1,Ayesha Raza,Ali Javed,Delivered,2024-10-29
PKG0162_355,Faisalabad,23.86,3,Sara Iqbal,Bilal Raza,Out for Delivery,2024-11-26
PKG0096_356,Lahore,20.9,2,Noor Javed,Noor Raza,In Transit,2026-01-22
PKG0127_357,Multan,16.42,2,Hamza Raza,Hussain Hameed,Out for Delivery,2025-09-29
PKG0092_358,Peshawar,10.41,1,Hamza Khan,Ahmed Raza,Delivered,2025-07-15
PKG0060_359,Rawalpindi,11.32,3,Noor Hameed,Bilal Iqbal,In Transit,2024-05-30
PKG0120_360,Lahore,7.27,2,Fatima Hameed,Usman Malik,Delivered,2026-05-18
PKG0172_361,Quetta,11.36,2,Hamza Hameed,Ali Ahmed,Out for Delivery,2024-03-04
PKG0100_362,Hyderabad,23.75,1,Noor Khan,Ayesha Malik,In Transit,2024-12-27
PKG0031_363,Lahore,23.2,1,Bilal Javed,Amna Khan,In Transit,2024-12-09
PKG0063_364,Rawalpindi,10.65,3,Fatima Qureshi,Noor Ahmed,In Transit,2025-05-07
PKG0081_365,Lahore,19.56,1,Hussain Malik,Noor Hameed,Delivered,2025-01-24
PKG0146_366,Rawalpindi,3.34,1,Ayesha Khan,Ali Raza,In Transit,2026-04-01
PKG0007_367,Quetta,24.64,1,Fatima Ahmed,Ali Butt,Pending,2026-04-16
PKG0037_368,Multan,16.61,3,Noor Khan,Noor Ahmed,Delivered,2024-07-01
PKG0171_369,Hyderabad,15.11,1,Hussain Raza,Maryam Iqbal,In Transit,2025-08-09
PKG0058_370,Peshawar,10.8,2,Maryam Raza,Usman Malik,In Transit,2025-06-14
PKG0145_371,Rawalpindi,22.78,2,Noor Butt,Bilal Ahmed,Out for Delivery,2024-02-06
PKG0068_372,Peshawar,21.08,2,Ayesha Qureshi,Zain Raza,Out for Delivery,2024-10-30
PKG0050_373,Lahore,9.87,1,Bilal Butt,Hassan Malik,Out for Delivery,2024-03-25
PKG0097_374,Karachi,7.22,1,Ayesha Raza,Ali Javed,Delivered,2025-10-19
PKG0036_375,Peshawar,10.39,3,Ayesha Ahmed,Noor Ahmed,In Transit,2024-05-23
PKG0128_376,Islamabad,15.63,1,Bilal Qureshi,Amna Javed,Delivered,2025-02-03
PKG0012_377,Karachi,6.54,3,Saad Qureshi,Ayesha Raza,Delivered,2024-05-18
PKG0033_378,Sialkot,16.72,2,Saad Qureshi,Hassan Sheikh,In Transit,2025-07-30
PKG0175_379,Quetta,7.59,1,Fatima Raza,Fatima Malik,Pending,2024-04-15
PKG0032_380,Islamabad,4.53,1,Zain Qureshi,Fatima Sheikh,Out for Delivery,2024-02-19
PKG0047_381,Faisalabad,5.65,1,Ali Raza,Hussain Khan,Pending,2024-05-29
PKG0050_382,Lahore,9.87,1,Bilal Butt,Hassan Malik,Out for Delivery,2025-02-07
PKG0045_383,Sialkot,17.79,3,Hassan Malik,Maryam Qureshi,Pending,2026-02-25
PKG0084_384,Multan,16.71,1,Noor Khan,Hussain Javed,Delivered,2025-10-25
PKG0150_385,Quetta,5.15,1,Saad Iqbal,Ali Sheikh,Out for Delivery,2024-09-03
PKG0081_386,Lahore,19.56,1,Hussain Malik,Noor Hameed,Delivered,2024-03-08
PKG0107_387,Karachi,19.92,3,Hassan Malik,Ahmed Khan,Delivered,2024-05-22
PKG0020_388,Peshawar,22.01,1,Hussain Raza,Fatima Khan,Pending,2024-01-26
PKG0085_389,Lahore,11.12,2,Amna Sheikh,Amna Qureshi,Out for Delivery,2026-01-04
PKG0120_390,Lahore,7.27,2,Fatima Hameed,Usman Malik,Delivered,2026-05-02
PKG0131_391,Karachi,4.79,3,Usman Sheikh,Noor Malik,Out for Delivery,2025-07-25
PKG0096_392,Lahore,20.9,2,Noor Javed,Noor Raza,In Transit,2024-01-29
PKG0058_393,Peshawar,10.8,2,Maryam Raza,Usman Malik,In Transit,2026-02-28
PKG0098_394,Hyderabad,7.47,2,Ayesha Qureshi,Ahmed Khan,Out for Delivery,2026-02-12
PKG0172_395,Quetta,11.36,2,Hamza Hameed,Ali Ahmed,Out for Delivery,2024-01-22
PKG0153_396,Islamabad,7.29,1,Hamza Malik,Hamza Hameed,In Transit,2025-08-20
PKG0154_397,Karachi,0.86,1,Hassan Malik,Ahmed Khan,Delivered,2026-03-02
PKG0160_398,Lahore,21.39,3,Usman Hameed,Sara Ahmed,In Transit,2024-02-05
PKG0142_399,Multan,24.2,3,Ahmed Malik,Hamza Butt,Delivered,2024-06-26
PKG0142_400,Multan,24.2,3,Ahmed Malik,Hamza Butt,Delivered,2024-12-08
PKG0170_401,Peshawar,9.72,2,Bilal Khan,Ahmed Javed,Delivered,2024-04-05
PKG0158_402,Lahore,22.53,2,Bilal Ahmed,Zain Qureshi,In Transit,2025-07-15
PKG0060_403,Rawalpindi,11.32,3,Noor Hameed,Bilal Iqbal,In Transit,2025-01-30
PKG0016_404,Quetta,19.33,2,Maryam Ahmed,Bilal Javed,Pending,2024-07-30
PKG0003_405,Peshawar,18.04,3,Usman Hameed,Ali Javed,Out for Delivery,2025-04-22
PKG0150_406,Quetta,5.15,1,Saad Iqbal,Ali Sheikh,Out for Delivery,2024-07-01
PKG0101_407,Hyderabad,6.03,3,Usman Sheikh,Noor Hameed,Out for Delivery,2024-02-25
PKG0100_408,Hyderabad,23.75,1,Noor Khan,Ayesha Malik,In Transit,2024-02-04
PKG0139_409,Faisalabad,18.44,1,Hamza Qureshi,Ali Hameed,Delivered,2026-06-05
PKG0171_410,Hyderabad,15.11,1,Hussain Raza,Maryam Iqbal,In Transit,2025-01-02
PKG0163_411,Lahore,18.74,2,Ahmed Ahmed,Ahmed Sheikh,In Transit,2024-12-18
PKG0139_412,Faisalabad,18.44,1,Hamza Qureshi,Ali Hameed,Delivered,2026-03-09
PKG0083_413,Peshawar,3.0,2,Maryam Butt,Ahmed Hameed,Pending,2025-05-19
PKG0034_414,Sialkot,1.99,2,Hassan Butt,Ali Hameed,Pending,2025-01-23
PKG0072_415,Hyderabad,9.82,1,Saad Hameed,Maryam Khan,Delivered,2025-12-25
PKG0100_416,Hyderabad,23.75,1,Noor Khan,Ayesha Malik,In Transit,2025-03-10
PKG0121_417,Quetta,18.29,3,Hamza Javed,Hassan Khan,Out for Delivery,2025-10-26
PKG0105_418,Rawalpindi,2.24,1,Ali Butt,Hassan Raza,Delivered,2026-05-26
PKG0129_419,Lahore,11.37,3,Maryam Ahmed,Sara Ahmed,Delivered,2024-05-28
PKG0125_420,Faisalabad,21.81,2,Ali Malik,Usman Hameed,Pending,2024-03-17
PKG0056_421,Faisalabad,11.07,3,Usman Javed,Bilal Butt,Delivered,2024-10-05
PKG0167_422,Multan,21.21,3,Hamza Raza,Noor Butt,Pending,2024-08-08
PKG0149_423,Peshawar,21.46,1,Hussain Butt,Zain Qureshi,Delivered,2024-10-10
PKG0069_424,Quetta,6.25,2,Fatima Raza,Zain Ahmed,Delivered,2025-09-06
PKG0145_425,Rawalpindi,22.78,2,Noor Butt,Bilal Ahmed,Out for Delivery,2025-10-27
PKG0052_426,Quetta,9.1,3,Hussain Raza,Amna Ahmed,Out for Delivery,2025-08-13
PKG0110_427,Quetta,14.62,1,Bilal Hameed,Noor Khan,Out for Delivery,2025-01-06
PKG0075_428,Hyderabad,13.59,2,Ayesha Qureshi,Saad Malik,Pending,2024-07-14
PKG0145_429,Rawalpindi,22.78,2,Noor Butt,Bilal Ahmed,Out for Delivery,2025-12-15
PKG0171_430,Hyderabad,15.11,1,Hussain Raza,Maryam Iqbal,In Transit,2025-01-15
PKG0038_431,Peshawar,7.01,1,Hassan Butt,Bilal Iqbal,Delivered,2024-06-21
PKG0003_432,Peshawar,18.04,3,Usman Hameed,Ali Javed,Out for Delivery,2024-01-05
PKG0115_433,Hyderabad,19.03,3,Ali Butt,Usman Iqbal,Out for Delivery,2024-09-01
PKG0118_434,Karachi,12.71,3,Fatima Ahmed,Zain Ahmed,Delivered,2026-03-25
PKG0154_435,Karachi,0.86,1,Hassan Malik,Ahmed Khan,Delivered,2026-03-17
PKG0010_436,Islamabad,6.11,1,Hassan Javed,Fatima Iqbal,Delivered,2025-05-23
PKG0068_437,Peshawar,21.08,2,Ayesha Qureshi,Zain Raza,Out for Delivery,2025-03-09
PKG0155_438,Multan,13.39,3,Ayesha Raza,Ali Malik,Pending,2024-08-05
PKG0084_439,Multan,16.71,1,Noor Khan,Hussain Javed,Delivered,2026-05-26
PKG0083_440,Peshawar,3.0,2,Maryam Butt,Ahmed Hameed,Pending,2024-02-19
PKG0088_441,Hyderabad,15.45,2,Zain Butt,Hamza Qureshi,Delivered,2024-11-11
PKG0138_442,Lahore,22.63,3,Fatima Hameed,Hassan Malik,Pending,2026-02-16
PKG0014_443,Karachi,15.87,3,Hamza Khan,Amna Ahmed,Out for Delivery,2025-12-02
PKG0054_444,Multan,8.97,2,Hassan Khan,Ahmed Hameed,Out for Delivery,2025-10-26
PKG0134_445,Quetta,11.69,2,Hussain Hameed,Hassan Sheikh,In Transit,2026-05-17
PKG0154_446,Karachi,0.86,1,Hassan Malik,Ahmed Khan,Delivered,2026-05-12
PKG0025_447,Islamabad,21.56,1,Ahmed Khan,Fatima Ahmed,In Transit,2024-04-24
PKG0096_448,Lahore,20.9,2,Noor Javed,Noor Raza,In Transit,2024-02-25
PKG0148_449,Hyderabad,10.5,2,Sara Ahmed,Amna Qureshi,Pending,2025-07-03
PKG0019_450,Hyderabad,8.44,1,Hamza Javed,Saad Khan,Pending,2026-05-15
PKG0024_451,Hyderabad,14.07,3,Fatima Ahmed,Hussain Khan,In Transit,2024-09-10
PKG0156_452,Lahore,11.57,1,Zain Iqbal,Usman Hameed,Pending,2024-12-21
PKG0109_453,Faisalabad,15.29,1,Ahmed Hameed,Ali Sheikh,Pending,2026-06-02
PKG0073_454,Sialkot,18.81,3,Hamza Sheikh,Amna Sheikh,In Transit,2024-09-20
PKG0149_455,Peshawar,21.46,1,Hussain Butt,Zain Qureshi,Delivered,2024-01-11
PKG0093_456,Sialkot,8.92,3,Noor Iqbal,Zain Javed,Delivered,2025-04-10
PKG0083_457,Peshawar,3.0,2,Maryam Butt,Ahmed Hameed,Pending,2026-04-23
PKG0146_458,Rawalpindi,3.34,1,Ayesha Khan,Ali Raza,In Transit,2024-01-17
PKG0118_459,Karachi,12.71,3,Fatima Ahmed,Zain Ahmed,Delivered,2026-06-15
PKG0100_460,Hyderabad,23.75,1,Noor Khan,Ayesha Malik,In Transit,2025-01-28
PKG0102_461,Multan,7.98,3,Saad Qureshi,Hassan Hameed,Pending,2024-11-14
PKG0077_462,Quetta,18.92,2,Zain Iqbal,Hussain Sheikh,Delivered,2026-04-20
PKG0165_463,Quetta,15.21,2,Bilal Sheikh,Amna Khan,Pending,2025-04-09
PKG0143_464,Sialkot,3.53,2,Hamza Sheikh,Ali Raza,Delivered,2026-03-25
PKG0078_465,Islamabad,25.0,2,Ahmed Qureshi,Ali Javed,In Transit,2024-01-31
PKG0069_466,Quetta,6.25,2,Fatima Raza,Zain Ahmed,Delivered,2025-12-29
PKG0093_467,Sialkot,8.92,3,Noor Iqbal,Zain Javed,Delivered,2025-09-01
PKG0051_468,Peshawar,5.96,3,Fatima Qureshi,Hussain Raza,In Transit,2026-03-08
PKG0090_469,Sialkot,0.75,1,Saad Hameed,Maryam Raza,Pending,2025-11-27
PKG0147_470,Multan,14.89,3,Zain Iqbal,Bilal Javed,In Transit,2024-03-09
PKG0133_471,Quetta,17.1,1,Hassan Khan,Saad Qureshi,Pending,2026-04-02
PKG0136_472,Quetta,0.7,3,Hassan Khan,Amna Sheikh,Pending,2026-01-18
PKG0157_473,Islamabad,1.99,2,Hamza Javed,Hassan Qureshi,Out for Delivery,2025-01-13
PKG0095_474,Peshawar,5.8,2,Ahmed Javed,Hamza Malik,Delivered,2024-10-20
PKG0107_475,Karachi,19.92,3,Hassan Malik,Ahmed Khan,Delivered,2026-03-29
PKG0144_476,Rawalpindi,1.11,3,Sara Iqbal,Ahmed Butt,Delivered,2024-12-18
PKG0071_477,Rawalpindi,10.69,1,Sara Sheikh,Hussain Javed,Out for Delivery,2024-12-25
PKG0015_478,Rawalpindi,13.46,3,Ahmed Sheikh,Sara Hameed,Pending,2026-02-21
PKG0077_479,Quetta,18.92,2,Zain Iqbal,Hussain Sheikh,Delivered,2024-04-21
PKG0040_480,Faisalabad,22.08,1,Fatima Javed,Hassan Malik,Delivered,2025-09-22
PKG0056_481,Faisalabad,11.07,3,Usman Javed,Bilal Butt,Delivered,2025-11-27
PKG0081_482,Lahore,19.56,1,Hussain Malik,Noor Hameed,Delivered,2025-10-20
PKG0088_483,Hyderabad,15.45,2,Zain Butt,Hamza Qureshi,Delivered,2024-02-28
PKG0109_484,Faisalabad,15.29,1,Ahmed Hameed,Ali Sheikh,Pending,2026-06-16
PKG0118_485,Karachi,12.71,3,Fatima Ahmed,Zain Ahmed,Delivered,2024-01-07
PKG0125_486,Faisalabad,21.81,2,Ali Malik,Usman Hameed,Pending,2024-06-17
PKG0134_487,Quetta,11.69,2,Hussain Hameed,Hassan Sheikh,In Transit,2024-05-05
PKG0046_488,Faisalabad,14.77,1,Ahmed Malik,Usman Khan,Out for Delivery,2026-04-24
PKG0103_489,Peshawar,6.98,1,Maryam Ahmed,Hamza Butt,In Transit,2024-03-29
PKG0075_490,Hyderabad,13.59,2,Ayesha Qureshi,Saad Malik,Pending,2024-09-29
PKG0055_491,Peshawar,6.74,3,Usman Ahmed,Sara Hameed,Out for Delivery,2024-02-09
PKG0158_492,Lahore,22.53,2,Bilal Ahmed,Zain Qureshi,In Transit,2025-04-13
PKG0108_493,Multan,23.6,3,Ahmed Qureshi,Maryam Raza,Out for Delivery,2024-01-28
PKG0100_494,Hyderabad,23.75,1,Noor Khan,Ayesha Malik,In Transit,2026-06-12
PKG0034_495,Sialkot,1.99,2,Hassan Butt,Ali Hameed,Pending,2024-03-05
PKG0017_496,Quetta,24.31,1,Sara Malik,Zain Khan,Pending,2024-04-26
PKG0018_497,Hyderabad,5.37,2,Bilal Raza,Amna Javed,In Transit,2025-02-02
PKG0034_498,Sialkot,1.99,2,Hassan Butt,Ali Hameed,Pending,2025-09-14
PKG0007_499,Quetta,24.64,1,Fatima Ahmed,Ali Butt,Pending,2025-11-11
PKG0023_500,Rawalpindi,22.54,2,Hassan Sheikh,Bilal Iqbal,Pending,2025-05-12
PKG0103_501,Peshawar,6.98,1,Maryam Ahmed,Hamza Butt,In Transit,2025-10-09
PKG0009_502,Sialkot,18.36,1,Saad Ahmed,Noor Malik,Out for Delivery,2026-02-27
PKG0137_503,Peshawar,15.37,2,Noor Qureshi,Amna Raza,In Transit,2024-06-04
PKG0141_504,Quetta,18.79,2,Ayesha Raza,Saad Qureshi,Pending,2024-05-24
PKG0094_505,Quetta,6.15,3,Maryam Qureshi,Hassan Raza,In Transit,2026-06-06
PKG0001_506,Peshawar,5.97,3,Bilal Ahmed,Ali Raza,Pending,2025-06-11
PKG0098_507,Hyderabad,7.47,2,Ayesha Qureshi,Ahmed Khan,Out for Delivery,2026-02-08
PKG0066_508,Rawalpindi,3.77,2,Usman Butt,Saad Ahmed,Delivered,2025-06-04
PKG0147_509,Multan,14.89,3,Zain Iqbal,Bilal Javed,In Transit,2024-01-25
PKG0012_510,Karachi,6.54,3,Saad Qureshi,Ayesha Raza,Delivered,2024-05-13
PKG0145_511,Rawalpindi,22.78,2,Noor Butt,Bilal Ahmed,Out for Delivery,2026-03-20
PKG0151_512,Islamabad,1.74,2,Bilal Butt,Bilal Hameed,In Transit,2025-06-20
PKG0149_513,Peshawar,21.46,1,Hussain Butt,Zain Qureshi,Delivered,2026-01-14
PKG0114_514,Sialkot,20.71,1,Hussain Ahmed,Hamza Sheikh,Out for Delivery,2025-10-13
PKG0119_515,Rawalpindi,6.47,3,Maryam Raza,Sara Qureshi,In Transit,2024-12-23
PKG0174_516,Quetta,1.61,2,Bilal Hameed,Zain Javed,Pending,2024-04-03
PKG0180_517,Multan,21.83,3,Noor Sheikh,Usman Ahmed,Delivered,2024-01-28
PKG0110_518,Quetta,14.62,1,Bilal Hameed,Noor Khan,Out for Delivery,2026-05-03
PKG0129_519,Lahore,11.37,3,Maryam Ahmed,Sara Ahmed,Delivered,2024-01-22
PKG0066_520,Rawalpindi,3.77,2,Usman Butt,Saad Ahmed,Delivered,2024-09-19
PKG0128_521,Islamabad,15.63,1,Bilal Qureshi,Amna Javed,Delivered,2024-10-11
PKG0018_522,Hyderabad,5.37,2,Bilal Raza,Amna Javed,In Transit,2025-12-13
PKG0128_523,Islamabad,15.63,1,Bilal Qureshi,Amna Javed,Delivered,2024-02-23
PKG0020_524,Peshawar,22.01,1,Hussain Raza,Fatima Khan,Pending,2026-03-22
PKG0077_525,Quetta,18.92,2,Zain Iqbal,Hussain Sheikh,Delivered,2024-05-25
PKG0099_526,Lahore,20.64,2,Ayesha Khan,Hassan Qureshi,Out for Delivery,2025-05-25
PKG0071_527,Rawalpindi,10.69,1,Sara Sheikh,Hussain Javed,Out for Delivery,2025-12-25
PKG0057_528,Sialkot,8.08,2,Hussain Ahmed,Maryam Raza,Delivered,2026-05-10
PKG0030_529,Rawalpindi,20.3,3,Hassan Qureshi,Fatima Ahmed,Pending,2024-07-06
PKG0084_530,Multan,16.71,1,Noor Khan,Hussain Javed,Delivered,2024-02-10
PKG0022_531,Sialkot,19.0,3,Usman Hameed,Sara Butt,In Transit,2024-10-24
PKG0115_532,Hyderabad,19.03,3,Ali Butt,Usman Iqbal,Out for Delivery,2026-02-19
PKG0177_533,Rawalpindi,23.07,2,Sara Khan,Sara Khan,Out for Delivery,2025-10-22
PKG0108_534,Multan,23.6,3,Ahmed Qureshi,Maryam Raza,Out for Delivery,2024-11-22
PKG0121_535,Quetta,18.29,3,Hamza Javed,Hassan Khan,Out for Delivery,2025-06-17
PKG0021_536,Karachi,3.65,2,Zain Ahmed,Hamza Javed,In Transit,2025-02-15
PKG0067_537,Multan,20.85,3,Saad Qureshi,Noor Javed,Out for Delivery,2024-11-17
PKG0019_538,Hyderabad,8.44,1,Hamza Javed,Saad Khan,Pending,2025-07-07
PKG0055_539,Peshawar,6.74,3,Usman Ahmed,Sara Hameed,Out for Delivery,2025-01-13
PKG0174_540,Quetta,1.61,2,Bilal Hameed,Zain Javed,Pending,2026-02-09
PKG0076_541,Karachi,1.73,2,Bilal Sheikh,Ayesha Qureshi,Delivered,2025-01-02
PKG0162_542,Faisalabad,23.86,3,Sara Iqbal,Bilal Raza,Out for Delivery,2024-02-16
PKG0043_543,Peshawar,17.34,2,Hassan Hameed,Fatima Iqbal,Out for Delivery,2025-03-03
PKG0044_544,Quetta,1.58,2,Saad Khan,Ahmed Sheikh,In Transit,2025-07-26
PKG0080_545,Hyderabad,23.72,2,Ayesha Qureshi,Bilal Ahmed,Delivered,2026-02-27
PKG0020_546,Peshawar,22.01,1,Hussain Raza,Fatima Khan,Pending,2025-01-30
PKG0150_547,Quetta,5.15,1,Saad Iqbal,Ali Sheikh,Out for Delivery,2025-06-15
PKG0156_548,Lahore,11.57,1,Zain Iqbal,Usman Hameed,Pending,2024-05-19
PKG0066_549,Rawalpindi,3.77,2,Usman Butt,Saad Ahmed,Delivered,2025-06-08
PKG0089_550,Peshawar,9.19,2,Zain Iqbal,Ayesha Qureshi,Delivered,2025-07-01
PKG0069_551,Quetta,6.25,2,Fatima Raza,Zain Ahmed,Delivered,2024-07-15
PKG0168_552,Quetta,17.72,2,Saad Raza,Ali Malik,Delivered,2024-11-01
PKG0180_553,Multan,21.83,3,Noor Sheikh,Usman Ahmed,Delivered,2025-10-19
PKG0174_554,Quetta,1.61,2,Bilal Hameed,Zain Javed,Pending,2024-03-16
PKG0089_555,Peshawar,9.19,2,Zain Iqbal,Ayesha Qureshi,Delivered,2025-08-22
PKG0098_556,Hyderabad,7.47,2,Ayesha Qureshi,Ahmed Khan,Out for Delivery,2026-06-06
PKG0074_557,Islamabad,10.03,3,Fatima Raza,Sara Qureshi,Out for Delivery,2025-04-15
PKG0166_558,Peshawar,21.26,2,Usman Butt,Ayesha Qureshi,Delivered,2024-04-04
PKG0017_559,Quetta,24.31,1,Sara Malik,Zain Khan,Pending,2024-06-08
PKG0053_560,Lahore,21.99,2,Amna Javed,Hussain Khan,In Transit,2024-02-01
PKG0107_561,Karachi,19.92,3,Hassan Malik,Ahmed Khan,Delivered,2024-05-23
PKG0108_562,Multan,23.6,3,Ahmed Qureshi,Maryam Raza,Out for Delivery,2025-10-19
PKG0110_563,Quetta,14.62,1,Bilal Hameed,Noor Khan,Out for Delivery,2025-01-31
PKG0150_564,Quetta,5.15,1,Saad Iqbal,Ali Sheikh,Out for Delivery,2025-08-27
PKG0031_565,Lahore,23.2,1,Bilal Javed,Amna Khan,In Transit,2024-04-02
PKG0164_566,Faisalabad,16.92,2,Ali Hameed,Usman Javed,Delivered,2024-05-31
PKG0154_567,Karachi,0.86,1,Hassan Malik,Ahmed Khan,Delivered,2026-02-21
PKG0044_568,Quetta,1.58,2,Saad Khan,Ahmed Sheikh,In Transit,2025-02-12
PKG0024_569,Hyderabad,14.07,3,Fatima Ahmed,Hussain Khan,In Transit,2024-04-18
PKG0022_570,Sialkot,19.0,3,Usman Hameed,Sara Butt,In Transit,2025-01-30
PKG0037_571,Multan,16.61,3,Noor Khan,Noor Ahmed,Delivered,2025-09-05
PKG0157_572,Islamabad,1.99,2,Hamza Javed,Hassan Qureshi,Out for Delivery,2025-11-19
PKG0084_573,Multan,16.71,1,Noor Khan,Hussain Javed,Delivered,2025-08-27
PKG0073_574,Sialkot,18.81,3,Hamza Sheikh,Amna Sheikh,In Transit,2026-02-14
PKG0167_575,Multan,21.21,3,Hamza Raza,Noor Butt,Pending,2025-07-24
PKG0040_576,Faisalabad,22.08,1,Fatima Javed,Hassan Malik,Delivered,2024-04-14
PKG0078_577,Islamabad,25.0,2,Ahmed Qureshi,Ali Javed,In Transit,2024-06-20
PKG0032_578,Islamabad,4.53,1,Zain Qureshi,Fatima Sheikh,Out for Delivery,2026-06-10
PKG0109_579,Faisalabad,15.29,1,Ahmed Hameed,Ali Sheikh,Pending,2025-06-15
PKG0081_580,Lahore,19.56,1,Hussain Malik,Noor Hameed,Delivered,2025-11-17
PKG0178_581,Multan,1.01,2,Sara Sheikh,Hassan Ahmed,In Transit,2024-06-13
PKG0101_582,Hyderabad,6.03,3,Usman Sheikh,Noor Hameed,Out for Delivery,2024-05-09
PKG0166_583,Peshawar,21.26,2,Usman Butt,Ayesha Qureshi,Delivered,2024-09-07
PKG0140_584,Karachi,19.77,2,Maryam Sheikh,Ayesha Butt,Delivered,2025-03-11
PKG0019_585,Hyderabad,8.44,1,Hamza Javed,Saad Khan,Pending,2026-03-21
PKG0180_586,Multan,21.83,3,Noor Sheikh,Usman Ahmed,Delivered,2025-01-05
PKG0071_587,Rawalpindi,10.69,1,Sara Sheikh,Hussain Javed,Out for Delivery,2025-07-14
PKG0034_588,Sialkot,1.99,2,Hassan Butt,Ali Hameed,Pending,2025-08-30
PKG0129_589,Lahore,11.37,3,Maryam Ahmed,Sara Ahmed,Delivered,2025-10-18
PKG0160_590,Lahore,21.39,3,Usman Hameed,Sara Ahmed,In Transit,2025-10-02
PKG0125_591,Faisalabad,21.81,2,Ali Malik,Usman Hameed,Pending,2025-03-06
PKG0080_592,Hyderabad,23.72,2,Ayesha Qureshi,Bilal Ahmed,Delivered,2024-05-28
PKG0161_593,Rawalpindi,10.27,3,Zain Butt,Sara Iqbal,Pending,2024-05-01
PKG0004_594,Karachi,17.6,2,Zain Hameed,Hassan Khan,Delivered,2024-11-29
PKG0041_595,Quetta,15.49,3,Ayesha Qureshi,Amna Javed,Pending,2026-02-02
PKG0021_596,Karachi,3.65,2,Zain Ahmed,Hamza Javed,In Transit,2025-03-01
PKG0042_597,Karachi,6.98,1,Amna Javed,Hassan Ahmed,In Transit,2026-03-03
PKG0118_598,Karachi,12.71,3,Fatima Ahmed,Zain Ahmed,Delivered,2026-05-26
PKG0145_599,Rawalpindi,22.78,2,Noor Butt,Bilal Ahmed,Out for Delivery,2026-01-06
PKG0093_600,Sialkot,8.92,3,Noor Iqbal,Zain Javed,Delivered,2024-11-09
PKG0020_601,Peshawar,22.01,1,Hussain Raza,Fatima Khan,Pending,2025-03-31
PKG0166_602,Peshawar,21.26,2,Usman Butt,Ayesha Qureshi,Delivered,2024-01-24
PKG0118_603,Karachi,12.71,3,Fatima Ahmed,Zain Ahmed,Delivered,2025-05-24
PKG0021_604,Karachi,3.65,2,Zain Ahmed,Hamza Javed,In Transit,2024-08-05
PKG0060_605,Rawalpindi,11.32,3,Noor Hameed,Bilal Iqbal,In Transit,2026-06-03
PKG0167_606,Multan,21.21,3,Hamza Raza,Noor Butt,Pending,2025-12-01
PKG0102_607,Multan,7.98,3,Saad Qureshi,Hassan Hameed,Pending,2025-09-17
PKG0166_608,Peshawar,21.26,2,Usman Butt,Ayesha Qureshi,Delivered,2024-03-30
PKG0096_609,Lahore,20.9,2,Noor Javed,Noor Raza,In Transit,2025-04-18
PKG0166_610,Peshawar,21.26,2,Usman Butt,Ayesha Qureshi,Delivered,2025-09-18
PKG0178_611,Multan,1.01,2,Sara Sheikh,Hassan Ahmed,In Transit,2026-02-06
PKG0081_612,Lahore,19.56,1,Hussain Malik,Noor Hameed,Delivered,2025-02-28
PKG0043_613,Peshawar,17.34,2,Hassan Hameed,Fatima Iqbal,Out for Delivery,2024-05-04
PKG0002_614,Multan,1.28,1,Maryam Javed,Ahmed Hameed,In Transit,2026-01-19
PKG0165_615,Quetta,15.21,2,Bilal Sheikh,Amna Khan,Pending,2026-05-23
PKG0116_616,Karachi,23.23,2,Ali Butt,Hassan Javed,Out for Delivery,2024-10-16
PKG0119_617,Rawalpindi,6.47,3,Maryam Raza,Sara Qureshi,In Transit,2025-02-11
PKG0057_618,Sialkot,8.08,2,Hussain Ahmed,Maryam Raza,Delivered,2025-07-06
PKG0180_619,Multan,21.83,3,Noor Sheikh,Usman Ahmed,Delivered,2024-07-18
PKG0029_620,Peshawar,13.64,1,Amna Ahmed,Fatima Butt,Out for Delivery,2024-11-30
PKG0101_621,Hyderabad,6.03,3,Usman Sheikh,Noor Hameed,Out for Delivery,2024-09-17
PKG0043_622,Peshawar,17.34,2,Hassan Hameed,Fatima Iqbal,Out for Delivery,2024-07-28
PKG0142_623,Multan,24.2,3,Ahmed Malik,Hamza Butt,Delivered,2026-05-19
PKG0114_624,Sialkot,20.71,1,Hussain Ahmed,Hamza Sheikh,Out for Delivery,2025-11-13
PKG0103_625,Peshawar,6.98,1,Maryam Ahmed,Hamza Butt,In Transit,2025-02-08
PKG0136_626,Quetta,0.7,3,Hassan Khan,Amna Sheikh,Pending,2024-11-30
PKG0037_627,Multan,16.61,3,Noor Khan,Noor Ahmed,Delivered,2024-03-18
PKG0028_628,Lahore,1.99,3,Sara Sheikh,Zain Khan,Delivered,2026-03-15
PKG0120_629,Lahore,7.27,2,Fatima Hameed,Usman Malik,Delivered,2024-10-14
PKG0093_630,Sialkot,8.92,3,Noor Iqbal,Zain Javed,Delivered,2025-06-23
PKG0097_631,Karachi,7.22,1,Ayesha Raza,Ali Javed,Delivered,2024-01-19
PKG0106_632,Multan,3.31,1,Hamza Hameed,Bilal Butt,In Transit,2025-03-06
PKG0075_633,Hyderabad,13.59,2,Ayesha Qureshi,Saad Malik,Pending,2024-10-26
PKG0082_634,Hyderabad,17.1,2,Noor Khan,Saad Raza,Out for Delivery,2026-04-30
PKG0063_635,Rawalpindi,10.65,3,Fatima Qureshi,Noor Ahmed,In Transit,2025-08-25
PKG0134_636,Quetta,11.69,2,Hussain Hameed,Hassan Sheikh,In Transit,2024-07-15
PKG0072_637,Hyderabad,9.82,1,Saad Hameed,Maryam Khan,Delivered,2026-05-15
PKG0100_638,Hyderabad,23.75,1,Noor Khan,Ayesha Malik,In Transit,2026-01-12
PKG0173_639,Sialkot,3.29,2,Zain Sheikh,Hassan Butt,Pending,2025-06-10
PKG0031_640,Lahore,23.2,1,Bilal Javed,Amna Khan,In Transit,2025-09-20
PKG0088_641,Hyderabad,15.45,2,Zain Butt,Hamza Qureshi,Delivered,2025-12-23
PKG0138_642,Lahore,22.63,3,Fatima Hameed,Hassan Malik,Pending,2025-11-22
PKG0078_643,Islamabad,25.0,2,Ahmed Qureshi,Ali Javed,In Transit,2024-10-25
PKG0063_644,Rawalpindi,10.65,3,Fatima Qureshi,Noor Ahmed,In Transit,2025-02-26
PKG0137_645,Peshawar,15.37,2,Noor Qureshi,Amna Raza,In Transit,2026-02-25
PKG0048_646,Hyderabad,18.86,1,Hamza Javed,Saad Sheikh,In Transit,2025-06-06
PKG0068_647,Peshawar,21.08,2,Ayesha Qureshi,Zain Raza,Out for Delivery,2024-03-19
PKG0056_648,Faisalabad,11.07,3,Usman Javed,Bilal Butt,Delivered,2025-07-17
PKG0162_649,Faisalabad,23.86,3,Sara Iqbal,Bilal Raza,Out for Delivery,2024-02-10
PKG0060_650,Rawalpindi,11.32,3,Noor Hameed,Bilal Iqbal,In Transit,2026-03-25
PKG0025_651,Islamabad,21.56,1,Ahmed Khan,Fatima Ahmed,In Transit,2026-06-13
PKG0150_652,Quetta,5.15,1,Saad Iqbal,Ali Sheikh,Out for Delivery,2025-10-01
PKG0133_653,Quetta,17.1,1,Hassan Khan,Saad Qureshi,Pending,2024-05-15
PKG0083_654,Peshawar,3.0,2,Maryam Butt,Ahmed Hameed,Pending,2026-01-18
PKG0097_655,Karachi,7.22,1,Ayesha Raza,Ali Javed,Delivered,2025-07-24
PKG0094_656,Quetta,6.15,3,Maryam Qureshi,Hassan Raza,In Transit,2024-05-20
PKG0042_657,Karachi,6.98,1,Amna Javed,Hassan Ahmed,In Transit,2024-11-25
PKG0046_658,Faisalabad,14.77,1,Ahmed Malik,Usman Khan,Out for Delivery,2025-03-15
PKG0012_659,Karachi,6.54,3,Saad Qureshi,Ayesha Raza,Delivered,2025-12-20
PKG0044_660,Quetta,1.58,2,Saad Khan,Ahmed Sheikh,In Transit,2024-01-24
PKG0162_661,Faisalabad,23.86,3,Sara Iqbal,Bilal Raza,Out for Delivery,2025-05-21
PKG0004_662,Karachi,17.6,2,Zain Hameed,Hassan Khan,Delivered,2024-06-12
PKG0074_663,Islamabad,10.03,3,Fatima Raza,Sara Qureshi,Out for Delivery,2024-03-14
PKG0082_664,Hyderabad,17.1,2,Noor Khan,Saad Raza,Out for Delivery,2026-02-02
PKG0106_665,Multan,3.31,1,Hamza Hameed,Bilal Butt,In Transit,2024-02-19
PKG0038_666,Peshawar,7.01,1,Hassan Butt,Bilal Iqbal,Delivered,2026-05-27
PKG0032_667,Islamabad,4.53,1,Zain Qureshi,Fatima Sheikh,Out for Delivery,2025-06-07
PKG0017_668,Quetta,24.31,1,Sara Malik,Zain Khan,Pending,2025-10-01
PKG0140_669,Karachi,19.77,2,Maryam Sheikh,Ayesha Butt,Delivered,2024-09-07
PKG0135_670,Multan,14.51,3,Amna Qureshi,Ahmed Butt,Delivered,2025-01-13
PKG0090_671,Sialkot,0.75,1,Saad Hameed,Maryam Raza,Pending,2024-11-30
PKG0081_672,Lahore,19.56,1,Hussain Malik,Noor Hameed,Delivered,2025-08-15
PKG0040_673,Faisalabad,22.08,1,Fatima Javed,Hassan Malik,Delivered,2024-03-24
PKG0020_674,Peshawar,22.01,1,Hussain Raza,Fatima Khan,Pending,2026-04-09
PKG0053_675,Lahore,21.99,2,Amna Javed,Hussain Khan,In Transit,2024-02-24
PKG0180_676,Multan,21.83,3,Noor Sheikh,Usman Ahmed,Delivered,2025-09-08
PKG0023_677,Rawalpindi,22.54,2,Hassan Sheikh,Bilal Iqbal,Pending,2025-01-27
PKG0075_678,Hyderabad,13.59,2,Ayesha Qureshi,Saad Malik,Pending,2025-03-09
PKG0146_679,Rawalpindi,3.34,1,Ayesha Khan,Ali Raza,In Transit,2024-09-02
PKG0084_680,Multan,16.71,1,Noor Khan,Hussain Javed,Delivered,2024-10-31
PKG0144_681,Rawalpindi,1.11,3,Sara Iqbal,Ahmed Butt,Delivered,2025-12-25
PKG0126_682,Multan,21.84,1,Saad Qureshi,Ali Malik,Pending,2024-04-04
PKG0109_683,Faisalabad,15.29,1,Ahmed Hameed,Ali Sheikh,Pending,2025-09-22
PKG0006_684,Multan,2.43,2,Ali Qureshi,Usman Ahmed,Delivered,2025-09-29
PKG0167_685,Multan,21.21,3,Hamza Raza,Noor Butt,Pending,2024-10-18
PKG0064_686,Peshawar,4.12,3,Maryam Sheikh,Zain Sheikh,Pending,2026-01-05
PKG0021_687,Karachi,3.65,2,Zain Ahmed,Hamza Javed,In Transit,2024-08-15
PKG0137_688,Peshawar,15.37,2,Noor Qureshi,Amna Raza,In Transit,2025-11-19
PKG0002_689,Multan,1.28,1,Maryam Javed,Ahmed Hameed,In Transit,2025-10-29
PKG0113_690,Sialkot,1.4,1,Maryam Qureshi,Hassan Sheikh,Delivered,2026-01-16
PKG0092_691,Peshawar,10.41,1,Hamza Khan,Ahmed Raza,Delivered,2025-04-19
PKG0172_692,Quetta,11.36,2,Hamza Hameed,Ali Ahmed,Out for Delivery,2025-03-31
PKG0068_693,Peshawar,21.08,2,Ayesha Qureshi,Zain Raza,Out for Delivery,2026-05-01
PKG0059_694,Islamabad,7.94,1,Noor Raza,Sara Javed,Out for Delivery,2025-07-28
PKG0144_695,Rawalpindi,1.11,3,Sara Iqbal,Ahmed Butt,Delivered,2026-03-17
PKG0018_696,Hyderabad,5.37,2,Bilal Raza,Amna Javed,In Transit,2026-06-06
PKG0140_697,Karachi,19.77,2,Maryam Sheikh,Ayesha Butt,Delivered,2025-07-31
PKG0031_698,Lahore,23.2,1,Bilal Javed,Amna Khan,In Transit,2024-02-02
PKG0162_699,Faisalabad,23.86,3,Sara Iqbal,Bilal Raza,Out for Delivery,2026-02-08
PKG0167_700,Multan,21.21,3,Hamza Raza,Noor Butt,Pending,2025-02-02
PKG0096_701,Lahore,20.9,2,Noor Javed,Noor Raza,In Transit,2024-06-12
PKG0005_702,Multan,2.87,2,Fatima Iqbal,Ahmed Ahmed,Delivered,2024-03-05
PKG0173_703,Sialkot,3.29,2,Zain Sheikh,Hassan Butt,Pending,2025-04-13
PKG0172_704,Quetta,11.36,2,Hamza Hameed,Ali Ahmed,Out for Delivery,2024-12-05
PKG0032_705,Islamabad,4.53,1,Zain Qureshi,Fatima Sheikh,Out for Delivery,2025-08-16
PKG0155_706,Multan,13.39,3,Ayesha Raza,Ali Malik,Pending,2025-10-10
PKG0047_707,Faisalabad,5.65,1,Ali Raza,Hussain Khan,Pending,2025-11-26
PKG0173_708,Sialkot,3.29,2,Zain Sheikh,Hassan Butt,Pending,2025-01-29
PKG0124_709,Multan,24.72,3,Hussain Qureshi,Maryam Sheikh,In Transit,2025-06-30
PKG0180_710,Multan,21.83,3,Noor Sheikh,Usman Ahmed,Delivered,2026-04-19
PKG0148_711,Hyderabad,10.5,2,Sara Ahmed,Amna Qureshi,Pending,2026-03-07
PKG0067_712,Multan,20.85,3,Saad Qureshi,Noor Javed,Out for Delivery,2024-08-09
PKG0021_713,Karachi,3.65,2,Zain Ahmed,Hamza Javed,In Transit,2026-03-02
PKG0006_714,Multan,2.43,2,Ali Qureshi,Usman Ahmed,Delivered,2026-06-15
PKG0093_715,Sialkot,8.92,3,Noor Iqbal,Zain Javed,Delivered,2024-02-13
PKG0038_716,Peshawar,7.01,1,Hassan Butt,Bilal Iqbal,Delivered,2024-01-04
PKG0075_717,Hyderabad,13.59,2,Ayesha Qureshi,Saad Malik,Pending,2024-08-29
PKG0130_718,Quetta,9.28,2,Ali Khan,Hussain Khan,In Transit,2026-01-11
PKG0130_719,Quetta,9.28,2,Ali Khan,Hussain Khan,In Transit,2024-06-28
PKG0011_720,Faisalabad,5.71,2,Hassan Ahmed,Fatima Hameed,Out for Delivery,2025-04-24
PKG0158_721,Lahore,22.53,2,Bilal Ahmed,Zain Qureshi,In Transit,2025-04-21
PKG0165_722,Quetta,15.21,2,Bilal Sheikh,Amna Khan,Pending,2024-07-25
PKG0122_723,Faisalabad,8.64,3,Ayesha Qureshi,Usman Qureshi,Out for Delivery,2024-03-16
PKG0021_724,Karachi,3.65,2,Zain Ahmed,Hamza Javed,In Transit,2024-02-01
PKG0180_725,Multan,21.83,3,Noor Sheikh,Usman Ahmed,Delivered,2026-05-07
PKG0030_726,Rawalpindi,20.3,3,Hassan Qureshi,Fatima Ahmed,Pending,2026-04-22
PKG0030_727,Rawalpindi,20.3,3,Hassan Qureshi,Fatima Ahmed,Pending,2024-11-20
PKG0142_728,Multan,24.2,3,Ahmed Malik,Hamza Butt,Delivered,2025-02-01
PKG0165_729,Quetta,15.21,2,Bilal Sheikh,Amna Khan,Pending,2025-07-09
PKG0153_730,Islamabad,7.29,1,Hamza Malik,Hamza Hameed,In Transit,2026-01-31
PKG0152_731,Sialkot,5.58,1,Hamza Hameed,Fatima Ahmed,In Transit,2025-05-24
PKG0108_732,Multan,23.6,3,Ahmed Qureshi,Maryam Raza,Out for Delivery,2024-04-16
PKG0051_733,Peshawar,5.96,3,Fatima Qureshi,Hussain Raza,In Transit,2024-10-30
PKG0050_734,Lahore,9.87,1,Bilal Butt,Hassan Malik,Out for Delivery,2024-10-06
PKG0058_735,Peshawar,10.8,2,Maryam Raza,Usman Malik,In Transit,2025-07-08
PKG0150_736,Quetta,5.15,1,Saad Iqbal,Ali Sheikh,Out for Delivery,2025-03-10
PKG0114_737,Sialkot,20.71,1,Hussain Ahmed,Hamza Sheikh,Out for Delivery,2024-04-15
PKG0162_738,Faisalabad,23.86,3,Sara Iqbal,Bilal Raza,Out for Delivery,2026-06-10
PKG0141_739,Quetta,18.79,2,Ayesha Raza,Saad Qureshi,Pending,2024-08-28
PKG0025_740,Islamabad,21.56,1,Ahmed Khan,Fatima Ahmed,In Transit,2024-04-07
PKG0003_741,Peshawar,18.04,3,Usman Hameed,Ali Javed,Out for Delivery,2024-07-10
PKG0069_742,Quetta,6.25,2,Fatima Raza,Zain Ahmed,Delivered,2026-02-27
PKG0087_743,Peshawar,20.85,1,Sara Hameed,Hassan Iqbal,Delivered,2024-06-23
PKG0137_744,Peshawar,15.37,2,Noor Qureshi,Amna Raza,In Transit,2025-01-23
PKG0004_745,Karachi,17.6,2,Zain Hameed,Hassan Khan,Delivered,2024-01-08
PKG0041_746,Quetta,15.49,3,Ayesha Qureshi,Amna Javed,Pending,2024-12-01
PKG0150_747,Quetta,5.15,1,Saad Iqbal,Ali Sheikh,Out for Delivery,2024-10-14
PKG0171_748,Hyderabad,15.11,1,Hussain Raza,Maryam Iqbal,In Transit,2024-01-13
PKG0169_749,Hyderabad,16.6,1,Ali Malik,Amna Malik,In Transit,2024-08-11
PKG0021_750,Karachi,3.65,2,Zain Ahmed,Hamza Javed,In Transit,2024-06-23
PKG0156_751,Lahore,11.57,1,Zain Iqbal,Usman Hameed,Pending,2025-06-15
PKG0079_752,Peshawar,5.38,1,Ahmed Khan,Hamza Khan,In Transit,2024-03-22
PKG0148_753,Hyderabad,10.5,2,Sara Ahmed,Amna Qureshi,Pending,2024-04-20
PKG0041_754,Quetta,15.49,3,Ayesha Qureshi,Amna Javed,Pending,2024-09-10
PKG0110_755,Quetta,14.62,1,Bilal Hameed,Noor Khan,Out for Delivery,2026-02-04
PKG0020_756,Peshawar,22.01,1,Hussain Raza,Fatima Khan,Pending,2024-11-04
PKG0019_757,Hyderabad,8.44,1,Hamza Javed,Saad Khan,Pending,2024-08-03
PKG0067_758,Multan,20.85,3,Saad Qureshi,Noor Javed,Out for Delivery,2024-03-04
PKG0113_759,Sialkot,1.4,1,Maryam Qureshi,Hassan Sheikh,Delivered,2024-10-03
PKG0107_760,Karachi,19.92,3,Hassan Malik,Ahmed Khan,Delivered,2024-12-31
PKG0044_761,Quetta,1.58,2,Saad Khan,Ahmed Sheikh,In Transit,2024-10-22
PKG0155_762,Multan,13.39,3,Ayesha Raza,Ali Malik,Pending,2026-01-26
PKG0055_763,Peshawar,6.74,3,Usman Ahmed,Sara Hameed,Out for Delivery,2024-06-07
PKG0171_764,Hyderabad,15.11,1,Hussain Raza,Maryam Iqbal,In Transit,2024-07-21
PKG0001_765,Peshawar,5.97,3,Bilal Ahmed,Ali Raza,Pending,2025-08-01
PKG0080_766,Hyderabad,23.72,2,Ayesha Qureshi,Bilal Ahmed,Delivered,2025-10-03
PKG0024_767,Hyderabad,14.07,3,Fatima Ahmed,Hussain Khan,In Transit,2026-03-13
PKG0016_768,Quetta,19.33,2,Maryam Ahmed,Bilal Javed,Pending,2024-11-27
PKG0161_769,Rawalpindi,10.27,3,Zain Butt,Sara Iqbal,Pending,2025-03-14
PKG0147_770,Multan,14.89,3,Zain Iqbal,Bilal Javed,In Transit,2024-03-02
PKG0143_771,Sialkot,3.53,2,Hamza Sheikh,Ali Raza,Delivered,2025-03-25
PKG0140_772,Karachi,19.77,2,Maryam Sheikh,Ayesha Butt,Delivered,2026-04-17
PKG0086_773,Quetta,15.59,3,Ayesha Sheikh,Ayesha Javed,Out for Delivery,2025-06-02
PKG0109_774,Faisalabad,15.29,1,Ahmed Hameed,Ali Sheikh,Pending,2024-03-01
PKG0149_775,Peshawar,21.46,1,Hussain Butt,Zain Qureshi,Delivered,2024-09-13
PKG0035_776,Karachi,1.89,3,Noor Qureshi,Usman Javed,Pending,2024-05-10
PKG0020_777,Peshawar,22.01,1,Hussain Raza,Fatima Khan,Pending,2025-01-22
PKG0076_778,Karachi,1.73,2,Bilal Sheikh,Ayesha Qureshi,Delivered,2026-01-16
PKG0134_779,Quetta,11.69,2,Hussain Hameed,Hassan Sheikh,In Transit,2024-12-07
PKG0108_780,Multan,23.6,3,Ahmed Qureshi,Maryam Raza,Out for Delivery,2024-08-23
PKG0142_781,Multan,24.2,3,Ahmed Malik,Hamza Butt,Delivered,2026-05-17
PKG0080_782,Hyderabad,23.72,2,Ayesha Qureshi,Bilal Ahmed,Delivered,2024-07-12
PKG0028_783,Lahore,1.99,3,Sara Sheikh,Zain Khan,Delivered,2025-12-10
PKG0175_784,Quetta,7.59,1,Fatima Raza,Fatima Malik,Pending,2024-09-09
PKG0134_785,Quetta,11.69,2,Hussain Hameed,Hassan Sheikh,In Transit,2024-02-17
PKG0110_786,Quetta,14.62,1,Bilal Hameed,Noor Khan,Out for Delivery,2026-01-13
PKG0048_787,Hyderabad,18.86,1,Hamza Javed,Saad Sheikh,In Transit,2025-01-24
PKG0149_788,Peshawar,21.46,1,Hussain Butt,Zain Qureshi,Delivered,2026-01-18
PKG0047_789,Faisalabad,5.65,1,Ali Raza,Hussain Khan,Pending,2025-08-06
PKG0154_790,Karachi,0.86,1,Hassan Malik,Ahmed Khan,Delivered,2025-05-27
PKG0165_791,Quetta,15.21,2,Bilal Sheikh,Amna Khan,Pending,2026-01-04
PKG0042_792,Karachi,6.98,1,Amna Javed,Hassan Ahmed,In Transit,2025-12-27
PKG0005_793,Multan,2.87,2,Fatima Iqbal,Ahmed Ahmed,Delivered,2024-10-15
PKG0102_794,Multan,7.98,3,Saad Qureshi,Hassan Hameed,Pending,2025-08-01
PKG0084_795,Multan,16.71,1,Noor Khan,Hussain Javed,Delivered,2024-03-14
PKG0023_796,Rawalpindi,22.54,2,Hassan Sheikh,Bilal Iqbal,Pending,2026-02-19
PKG0057_797,Sialkot,8.08,2,Hussain Ahmed,Maryam Raza,Delivered,2025-08-12
PKG0104_798,Islamabad,10.51,3,Ayesha Javed,Ahmed Malik,Out for Delivery,2024-02-24
PKG0023_799,Rawalpindi,22.54,2,Hassan Sheikh,Bilal Iqbal,Pending,2026-06-06
PKG0075_800,Hyderabad,13.59,2,Ayesha Qureshi,Saad Malik,Pending,2024-06-07
PKG0174_801,Quetta,1.61,2,Bilal Hameed,Zain Javed,Pending,2025-07-28
PKG0119_802,Rawalpindi,6.47,3,Maryam Raza,Sara Qureshi,In Transit,2025-11-22
PKG0123_803,Peshawar,14.51,1,Saad Iqbal,Amna Butt,Out for Delivery,2025-01-27
PKG0151_804,Islamabad,1.74,2,Bilal Butt,Bilal Hameed,In Transit,2024-11-10
PKG0102_805,Multan,7.98,3,Saad Qureshi,Hassan Hameed,Pending,2024-09-28
PKG0149_806,Peshawar,21.46,1,Hussain Butt,Zain Qureshi,Delivered,2026-01-12
PKG0087_807,Peshawar,20.85,1,Sara Hameed,Hassan Iqbal,Delivered,2025-07-20
PKG0088_808,Hyderabad,15.45,2,Zain Butt,Hamza Qureshi,Delivered,2026-03-20
PKG0160_809,Lahore,21.39,3,Usman Hameed,Sara Ahmed,In Transit,2024-02-01
PKG0094_810,Quetta,6.15,3,Maryam Qureshi,Hassan Raza,In Transit,2025-11-09
PKG0005_811,Multan,2.87,2,Fatima Iqbal,Ahmed Ahmed,Delivered,2026-03-09
PKG0053_812,Lahore,21.99,2,Amna Javed,Hussain Khan,In Transit,2025-02-21
PKG0006_813,Multan,2.43,2,Ali Qureshi,Usman Ahmed,Delivered,2026-02-14
PKG0052_814,Quetta,9.1,3,Hussain Raza,Amna Ahmed,Out for Delivery,2025-12-11
PKG0153_815,Islamabad,7.29,1,Hamza Malik,Hamza Hameed,In Transit,2024-07-09
PKG0005_816,Multan,2.87,2,Fatima Iqbal,Ahmed Ahmed,Delivered,2024-01-06
PKG0041_817,Quetta,15.49,3,Ayesha Qureshi,Amna Javed,Pending,2024-12-29
PKG0158_818,Lahore,22.53,2,Bilal Ahmed,Zain Qureshi,In Transit,2025-06-19
PKG0160_819,Lahore,21.39,3,Usman Hameed,Sara Ahmed,In Transit,2025-04-29
PKG0099_820,Lahore,20.64,2,Ayesha Khan,Hassan Qureshi,Out for Delivery,2024-05-10
PKG0054_821,Multan,8.97,2,Hassan Khan,Ahmed Hameed,Out for Delivery,2026-03-17
PKG0003_822,Peshawar,18.04,3,Usman Hameed,Ali Javed,Out for Delivery,2025-02-22
PKG0038_823,Peshawar,7.01,1,Hassan Butt,Bilal Iqbal,Delivered,2025-01-06
PKG0051_824,Peshawar,5.96,3,Fatima Qureshi,Hussain Raza,In Transit,2025-11-30
PKG0090_825,Sialkot,0.75,1,Saad Hameed,Maryam Raza,Pending,2025-07-27
PKG0035_826,Karachi,1.89,3,Noor Qureshi,Usman Javed,Pending,2025-04-14
PKG0014_827,Karachi,15.87,3,Hamza Khan,Amna Ahmed,Out for Delivery,2025-08-11
PKG0125_828,Faisalabad,21.81,2,Ali Malik,Usman Hameed,Pending,2024-06-15
PKG0147_829,Multan,14.89,3,Zain Iqbal,Bilal Javed,In Transit,2024-03-06
PKG0038_830,Peshawar,7.01,1,Hassan Butt,Bilal Iqbal,Delivered,2026-02-16
PKG0013_831,Multan,9.37,1,Noor Sheikh,Saad Hameed,Out for Delivery,2025-02-03
PKG0123_832,Peshawar,14.51,1,Saad Iqbal,Amna Butt,Out for Delivery,2024-04-18
PKG0083_833,Peshawar,3.0,2,Maryam Butt,Ahmed Hameed,Pending,2026-03-28
PKG0081_834,Lahore,19.56,1,Hussain Malik,Noor Hameed,Delivered,2026-04-19
PKG0179_835,Lahore,11.2,1,Noor Qureshi,Amna Iqbal,In Transit,2024-10-07
PKG0059_836,Islamabad,7.94,1,Noor Raza,Sara Javed,Out for Delivery,2024-11-03
PKG0179_837,Lahore,11.2,1,Noor Qureshi,Amna Iqbal,In Transit,2024-07-08
PKG0053_838,Lahore,21.99,2,Amna Javed,Hussain Khan,In Transit,2025-11-30
PKG0131_839,Karachi,4.79,3,Usman Sheikh,Noor Malik,Out for Delivery,2025-12-15
PKG0178_840,Multan,1.01,2,Sara Sheikh,Hassan Ahmed,In Transit,2025-06-17
PKG0019_841,Hyderabad,8.44,1,Hamza Javed,Saad Khan,Pending,2024-09-22
PKG0024_842,Hyderabad,14.07,3,Fatima Ahmed,Hussain Khan,In Transit,2025-02-26
PKG0011_843,Faisalabad,5.71,2,Hassan Ahmed,Fatima Hameed,Out for Delivery,2024-06-23
PKG0014_844,Karachi,15.87,3,Hamza Khan,Amna Ahmed,Out for Delivery,2025-07-16
PKG0174_845,Quetta,1.61,2,Bilal Hameed,Zain Javed,Pending,2024-05-16
PKG0033_846,Sialkot,16.72,2,Saad Qureshi,Hassan Sheikh,In Transit,2024-05-06
PKG0128_847,Islamabad,15.63,1,Bilal Qureshi,Amna Javed,Delivered,2025-03-17
PKG0096_848,Lahore,20.9,2,Noor Javed,Noor Raza,In Transit,2026-02-28
PKG0011_849,Faisalabad,5.71,2,Hassan Ahmed,Fatima Hameed,Out for Delivery,2025-02-17
PKG0081_850,Lahore,19.56,1,Hussain Malik,Noor Hameed,Delivered,2026-01-13
PKG0106_851,Multan,3.31,1,Hamza Hameed,Bilal Butt,In Transit,2024-12-25
PKG0170_852,Peshawar,9.72,2,Bilal Khan,Ahmed Javed,Delivered,2026-01-23
PKG0060_853,Rawalpindi,11.32,3,Noor Hameed,Bilal Iqbal,In Transit,2026-05-15
PKG0111_854,Karachi,24.93,2,Bilal Qureshi,Saad Raza,Out for Delivery,2024-12-31
PKG0113_855,Sialkot,1.4,1,Maryam Qureshi,Hassan Sheikh,Delivered,2025-07-04
PKG0056_856,Faisalabad,11.07,3,Usman Javed,Bilal Butt,Delivered,2025-01-11
PKG0170_857,Peshawar,9.72,2,Bilal Khan,Ahmed Javed,Delivered,2024-07-16
PKG0120_858,Lahore,7.27,2,Fatima Hameed,Usman Malik,Delivered,2024-07-03
PKG0120_859,Lahore,7.27,2,Fatima Hameed,Usman Malik,Delivered,2025-08-25
PKG0097_860,Karachi,7.22,1,Ayesha Raza,Ali Javed,Delivered,2025-11-19
PKG0002_861,Multan,1.28,1,Maryam Javed,Ahmed Hameed,In Transit,2025-08-31
PKG0054_862,Multan,8.97,2,Hassan Khan,Ahmed Hameed,Out for Delivery,2024-07-21
PKG0013_863,Multan,9.37,1,Noor Sheikh,Saad Hameed,Out for Delivery,2024-12-18
PKG0075_864,Hyderabad,13.59,2,Ayesha Qureshi,Saad Malik,Pending,2025-06-01
PKG0055_865,Peshawar,6.74,3,Usman Ahmed,Sara Hameed,Out for Delivery,2025-08-17
PKG0002_866,Multan,1.28,1,Maryam Javed,Ahmed Hameed,In Transit,2025-06-04
PKG0021_867,Karachi,3.65,2,Zain Ahmed,Hamza Javed,In Transit,2026-01-19
PKG0139_868,Faisalabad,18.44,1,Hamza Qureshi,Ali Hameed,Delivered,2025-05-17
PKG0079_869,Peshawar,5.38,1,Ahmed Khan,Hamza Khan,In Transit,2024-10-10
PKG0063_870,Rawalpindi,10.65,3,Fatima Qureshi,Noor Ahmed,In Transit,2026-06-09
PKG0151_871,Islamabad,1.74,2,Bilal Butt,Bilal Hameed,In Transit,2026-03-19
PKG0032_872,Islamabad,4.53,1,Zain Qureshi,Fatima Sheikh,Out for Delivery,2025-07-04
PKG0050_873,Lahore,9.87,1,Bilal Butt,Hassan Malik,Out for Delivery,2024-08-19
PKG0100_874,Hyderabad,23.75,1,Noor Khan,Ayesha Malik,In Transit,2026-06-19
PKG0115_875,Hyderabad,19.03,3,Ali Butt,Usman Iqbal,Out for Delivery,2025-01-10
PKG0071_876,Rawalpindi,10.69,1,Sara Sheikh,Hussain Javed,Out for Delivery,2025-05-12
PKG0040_877,Faisalabad,22.08,1,Fatima Javed,Hassan Malik,Delivered,2025-09-12
PKG0001_878,Peshawar,5.97,3,Bilal Ahmed,Ali Raza,Pending,2024-12-28
PKG0091_879,Peshawar,17.42,3,Maryam Sheikh,Zain Javed,Out for Delivery,2024-01-23
PKG0055_880,Peshawar,6.74,3,Usman Ahmed,Sara Hameed,Out for Delivery,2026-01-09
PKG0089_881,Peshawar,9.19,2,Zain Iqbal,Ayesha Qureshi,Delivered,2024-06-09
PKG0111_882,Karachi,24.93,2,Bilal Qureshi,Saad Raza,Out for Delivery,2024-08-08
PKG0112_883,Faisalabad,16.92,1,Zain Iqbal,Sara Iqbal,Delivered,2024-11-17
PKG0118_884,Karachi,12.71,3,Fatima Ahmed,Zain Ahmed,Delivered,2025-11-11
PKG0143_885,Sialkot,3.53,2,Hamza Sheikh,Ali Raza,Delivered,2024-03-27
PKG0167_886,Multan,21.21,3,Hamza Raza,Noor Butt,Pending,2025-03-09
PKG0118_887,Karachi,12.71,3,Fatima Ahmed,Zain Ahmed,Delivered,2025-03-07
PKG0045_888,Sialkot,17.79,3,Hassan Malik,Maryam Qureshi,Pending,2026-03-29
PKG0071_889,Rawalpindi,10.69,1,Sara Sheikh,Hussain Javed,Out for Delivery,2025-11-01
PKG0117_890,Karachi,8.11,1,Ali Hameed,Hamza Butt,Out for Delivery,2024-11-21
PKG0022_891,Sialkot,19.0,3,Usman Hameed,Sara Butt,In Transit,2025-04-11
PKG0126_892,Multan,21.84,1,Saad Qureshi,Ali Malik,Pending,2024-10-14
PKG0173_893,Sialkot,3.29,2,Zain Sheikh,Hassan Butt,Pending,2026-03-18
PKG0057_894,Sialkot,8.08,2,Hussain Ahmed,Maryam Raza,Delivered,2024-10-07
PKG0037_895,Multan,16.61,3,Noor Khan,Noor Ahmed,Delivered,2025-07-20
PKG0158_896,Lahore,22.53,2,Bilal Ahmed,Zain Qureshi,In Transit,2026-06-05
PKG0021_897,Karachi,3.65,2,Zain Ahmed,Hamza Javed,In Transit,2025-09-21
PKG0016_898,Quetta,19.33,2,Maryam Ahmed,Bilal Javed,Pending,2024-03-26
PKG0167_899,Multan,21.21,3,Hamza Raza,Noor Butt,Pending,2024-02-05
PKG0037_900,Multan,16.61,3,Noor Khan,Noor Ahmed,Delivered,2025-11-26
PKG0166_901,Peshawar,21.26,2,Usman Butt,Ayesha Qureshi,Delivered,2025-10-05
PKG0002_902,Multan,1.28,1,Maryam Javed,Ahmed Hameed,In Transit,2024-12-15
PKG0108_903,Multan,23.6,3,Ahmed Qureshi,Maryam Raza,Out for Delivery,2024-07-16
PKG0160_904,Lahore,21.39,3,Usman Hameed,Sara Ahmed,In Transit,2025-06-18
PKG0078_905,Islamabad,25.0,2,Ahmed Qureshi,Ali Javed,In Transit,2024-04-30
PKG0155_906,Multan,13.39,3,Ayesha Raza,Ali Malik,Pending,2024-04-13
PKG0050_907,Lahore,9.87,1,Bilal Butt,Hassan Malik,Out for Delivery,2025-06-14
PKG0149_908,Peshawar,21.46,1,Hussain Butt,Zain Qureshi,Delivered,2024-05-06
PKG0028_909,Lahore,1.99,3,Sara Sheikh,Zain Khan,Delivered,2024-03-24
PKG0043_910,Peshawar,17.34,2,Hassan Hameed,Fatima Iqbal,Out for Delivery,2024-05-21
PKG0112_911,Faisalabad,16.92,1,Zain Iqbal,Sara Iqbal,Delivered,2024-06-01
PKG0068_912,Peshawar,21.08,2,Ayesha Qureshi,Zain Raza,Out for Delivery,2024-12-21
PKG0059_913,Islamabad,7.94,1,Noor Raza,Sara Javed,Out for Delivery,2025-10-14
PKG0026_914,Karachi,18.22,3,Bilal Qureshi,Fatima Javed,Out for Delivery,2024-01-01
PKG0080_915,Hyderabad,23.72,2,Ayesha Qureshi,Bilal Ahmed,Delivered,2024-03-29
PKG0179_916,Lahore,11.2,1,Noor Qureshi,Amna Iqbal,In Transit,2026-05-04
PKG0006_917,Multan,2.43,2,Ali Qureshi,Usman Ahmed,Delivered,2025-12-13
PKG0080_918,Hyderabad,23.72,2,Ayesha Qureshi,Bilal Ahmed,Delivered,2026-02-05
PKG0158_919,Lahore,22.53,2,Bilal Ahmed,Zain Qureshi,In Transit,2025-07-16
PKG0035_920,Karachi,1.89,3,Noor Qureshi,Usman Javed,Pending,2026-04-12
PKG0097_921,Karachi,7.22,1,Ayesha Raza,Ali Javed,Delivered,2024-02-09
PKG0074_922,Islamabad,10.03,3,Fatima Raza,Sara Qureshi,Out for Delivery,2024-11-22
PKG0041_923,Quetta,15.49,3,Ayesha Qureshi,Amna Javed,Pending,2025-11-23
PKG0009_924,Sialkot,18.36,1,Saad Ahmed,Noor Malik,Out for Delivery,2026-02-11
PKG0066_925,Rawalpindi,3.77,2,Usman Butt,Saad Ahmed,Delivered,2026-05-29
PKG0068_926,Peshawar,21.08,2,Ayesha Qureshi,Zain Raza,Out for Delivery,2026-06-05
PKG0081_927,Lahore,19.56,1,Hussain Malik,Noor Hameed,Delivered,2024-11-30
PKG0063_928,Rawalpindi,10.65,3,Fatima Qureshi,Noor Ahmed,In Transit,2024-06-18
PKG0096_929,Lahore,20.9,2,Noor Javed,Noor Raza,In Transit,2025-08-10
PKG0158_930,Lahore,22.53,2,Bilal Ahmed,Zain Qureshi,In Transit,2024-01-21
PKG0029_931,Peshawar,13.64,1,Amna Ahmed,Fatima Butt,Out for Delivery,2025-09-13
PKG0055_932,Peshawar,6.74,3,Usman Ahmed,Sara Hameed,Out for Delivery,2025-05-22
PKG0155_933,Multan,13.39,3,Ayesha Raza,Ali Malik,Pending,2024-06-05
PKG0094_934,Quetta,6.15,3,Maryam Qureshi,Hassan Raza,In Transit,2024-06-21
PKG0100_935,Hyderabad,23.75,1,Noor Khan,Ayesha Malik,In Transit,2024-01-11
PKG0125_936,Faisalabad,21.81,2,Ali Malik,Usman Hameed,Pending,2024-12-12
PKG0044_937,Quetta,1.58,2,Saad Khan,Ahmed Sheikh,In Transit,2025-08-30
PKG0152_938,Sialkot,5.58,1,Hamza Hameed,Fatima Ahmed,In Transit,2024-10-31
PKG0016_939,Quetta,19.33,2,Maryam Ahmed,Bilal Javed,Pending,2025-01-01
PKG0153_940,Islamabad,7.29,1,Hamza Malik,Hamza Hameed,In Transit,2024-04-07
PKG0074_941,Islamabad,10.03,3,Fatima Raza,Sara Qureshi,Out for Delivery,2025-02-03
PKG0174_942,Quetta,1.61,2,Bilal Hameed,Zain Javed,Pending,2026-01-16
PKG0005_943,Multan,2.87,2,Fatima Iqbal,Ahmed Ahmed,Delivered,2026-05-28
PKG0119_944,Rawalpindi,6.47,3,Maryam Raza,Sara Qureshi,In Transit,2024-02-15
PKG0038_945,Peshawar,7.01,1,Hassan Butt,Bilal Iqbal,Delivered,2025-11-11
PKG0150_946,Quetta,5.15,1,Saad Iqbal,Ali Sheikh,Out for Delivery,2025-06-02
PKG0033_947,Sialkot,16.72,2,Saad Qureshi,Hassan Sheikh,In Transit,2024-04-29
PKG0062_948,Peshawar,20.26,1,Amna Butt,Bilal Raza,Pending,2025-10-03
PKG0157_949,Islamabad,1.99,2,Hamza Javed,Hassan Qureshi,Out for Delivery,2024-11-24
PKG0002_950,Multan,1.28,1,Maryam Javed,Ahmed Hameed,In Transit,2024-11-08
PKG0010_951,Islamabad,6.11,1,Hassan Javed,Fatima Iqbal,Delivered,2024-06-12
PKG0168_952,Quetta,17.72,2,Saad Raza,Ali Malik,Delivered,2024-08-24
PKG0117_953,Karachi,8.11,1,Ali Hameed,Hamza Butt,Out for Delivery,2026-01-12
PKG0036_954,Peshawar,10.39,3,Ayesha Ahmed,Noor Ahmed,In Transit,2025-03-09
PKG0150_955,Quetta,5.15,1,Saad Iqbal,Ali Sheikh,Out for Delivery,2025-01-30
PKG0079_956,Peshawar,5.38,1,Ahmed Khan,Hamza Khan,In Transit,2024-01-07
PKG0098_957,Hyderabad,7.47,2,Ayesha Qureshi,Ahmed Khan,Out for Delivery,2025-11-14
PKG0003_958,Peshawar,18.04,3,Usman Hameed,Ali Javed,Out for Delivery,2024-12-24
PKG0109_959,Faisalabad,15.29,1,Ahmed Hameed,Ali Sheikh,Pending,2026-03-11
PKG0161_960,Rawalpindi,10.27,3,Zain Butt,Sara Iqbal,Pending,2024-09-01
PKG0023_961,Rawalpindi,22.54,2,Hassan Sheikh,Bilal Iqbal,Pending,2025-05-01
PKG0107_962,Karachi,19.92,3,Hassan Malik,Ahmed Khan,Delivered,2024-05-27
PKG0067_963,Multan,20.85,3,Saad Qureshi,Noor Javed,Out for Delivery,2024-04-19
PKG0163_964,Lahore,18.74,2,Ahmed Ahmed,Ahmed Sheikh,In Transit,2025-05-17
PKG0071_965,Rawalpindi,10.69,1,Sara Sheikh,Hussain Javed,Out for Delivery,2024-11-01
PKG0124_966,Multan,24.72,3,Hussain Qureshi,Maryam Sheikh,In Transit,2024-11-21
PKG0118_967,Karachi,12.71,3,Fatima Ahmed,Zain Ahmed,Delivered,2026-05-21
PKG0016_968,Quetta,19.33,2,Maryam Ahmed,Bilal Javed,Pending,2024-08-17
PKG0162_969,Faisalabad,23.86,3,Sara Iqbal,Bilal Raza,Out for Delivery,2025-11-26
PKG0124_970,Multan,24.72,3,Hussain Qureshi,Maryam Sheikh,In Transit,2024-12-15
PKG0162_971,Faisalabad,23.86,3,Sara Iqbal,Bilal Raza,Out for Delivery,2025-03-24
PKG0172_972,Quetta,11.36,2,Hamza Hameed,Ali Ahmed,Out for Delivery,2025-07-04
PKG0108_973,Multan,23.6,3,Ahmed Qureshi,Maryam Raza,Out for Delivery,2026-06-15
PKG0037_974,Multan,16.61,3,Noor Khan,Noor Ahmed,Delivered,2024-07-21
PKG0155_975,Multan,13.39,3,Ayesha Raza,Ali Malik,Pending,2024-07-30
PKG0042_976,Karachi,6.98,1,Amna Javed,Hassan Ahmed,In Transit,2025-04-07
PKG0080_977,Hyderabad,23.72,2,Ayesha Qureshi,Bilal Ahmed,Delivered,2025-03-19
PKG0087_978,Peshawar,20.85,1,Sara Hameed,Hassan Iqbal,Delivered,2024-10-29
PKG0131_979,Karachi,4.79,3,Usman Sheikh,Noor Malik,Out for Delivery,2024-10-01
PKG0122_980,Faisalabad,8.64,3,Ayesha Qureshi,Usman Qureshi,Out for Delivery,2025-08-18
PKG0035_981,Karachi,1.89,3,Noor Qureshi,Usman Javed,Pending,2026-01-17
PKG0155_982,Multan,13.39,3,Ayesha Raza,Ali Malik,Pending,2025-03-02
PKG0067_983,Multan,20.85,3,Saad Qureshi,Noor Javed,Out for Delivery,2024-02-26
PKG0107_984,Karachi,19.92,3,Hassan Malik,Ahmed Khan,Delivered,2025-01-02
PKG0150_985,Quetta,5.15,1,Saad Iqbal,Ali Sheikh,Out for Delivery,2025-05-17
PKG0123_986,Peshawar,14.51,1,Saad Iqbal,Amna Butt,Out for Delivery,2025-02-14
PKG0130_987,Quetta,9.28,2,Ali Khan,Hussain Khan,In Transit,2024-11-12
PKG0035_988,Karachi,1.89,3,Noor Qureshi,Usman Javed,Pending,2024-06-22
PKG0125_989,Faisalabad,21.81,2,Ali Malik,Usman Hameed,Pending,2025-10-06
PKG0153_990,Islamabad,7.29,1,Hamza Malik,Hamza Hameed,In Transit,2025-01-13
PKG0049_991,Islamabad,4.89,2,Hamza Malik,Saad Sheikh,Out for Delivery,2026-02-18
PKG0164_992,Faisalabad,16.92,2,Ali Hameed,Usman Javed,Delivered,2024-07-01
PKG0021_993,Karachi,3.65,2,Zain Ahmed,Hamza Javed,In Transit,2024-05-10
PKG0133_994,Quetta,17.1,1,Hassan Khan,Saad Qureshi,Pending,2026-01-10
PKG0013_995,Multan,9.37,1,Noor Sheikh,Saad Hameed,Out for Delivery,2025-05-30
PKG0104_996,Islamabad,10.51,3,Ayesha Javed,Ahmed Malik,Out for Delivery,2024-07-30
PKG0074_997,Islamabad,10.03,3,Fatima Raza,Sara Qureshi,Out for Delivery,2024-10-28
PKG0008_998,Karachi,9.57,1,Hassan Qureshi,Bilal Iqbal,Delivered,2024-11-01
PKG0161_999,Rawalpindi,10.27,3,Zain Butt,Sara Iqbal,Pending,2026-02-16
PKG0089_1000,Peshawar,9.19,2,Zain Iqbal,Ayesha Qureshi,Delivered,2024-11-12
